No.,Chemical compound,K,Logk,Cas,Smiles,Ph,T,Ref,Chemical_class_27,Chemical_class_coarse,InChI,InChIKey
1,hypochlorous acid,3000000000,9.477121255,7790-92-3,OCl,,25,DOI: 10.1021/acs.est.7b00507,alcohol,Oxygenated organics,InChI=1S/ClHO/c1-2/h2H,QWPPOHNGKGFGJK-UHFFFAOYSA-N
2,hypochlorous acid,8200000000,9.913813852,7790-92-3,OCl,,25,DOI: 10.1021/acs.est.7b00508,alcohol,Oxygenated organics,InChI=1S/ClHO/c1-2/h2H,QWPPOHNGKGFGJK-UHFFFAOYSA-N
3,CHLORIDE STANDARD,2100000000,9.322219295,16887-00-6,[Cl-],,25,DOI: 10.1021/acs.est.7b00509,halogenated,Halogenated organics,InChI=1S/ClH/h1H/p-1,VEXZGXHMUGYJMC-UHFFFAOYSA-M
4,Water,250000,5.397940009,7732-18-5,O,,25,DOI: 10.1021/acs.est.7b00510,alcohol,Oxygenated organics,InChI=1S/H2O/h1H2,XLYOFNOQVPJJNP-UHFFFAOYSA-N
5,Hydroxide ion,18000000000,10.25527251,3352-57-6,[OH],,25,DOI: 10.1021/acs.est.7b00511,alcohol,Oxygenated organics,InChI=1S/HO/h1H,TUJKJAMUKRIRHC-UHFFFAOYSA-N
6,Dichloromethane,,7.13,75-09-2,ClCCl,,,https://doi.org/10.1021/jp051072l,halogenated,Halogenated organics,InChI=1S/CH2Cl2/c2-1-3/h1H2,YMWUJEATGCHHMB-UHFFFAOYSA-N
7,Pentane,,9.97,109-66-0,CCCCC,,,https://doi.org/10.1021/jp051073l,alkane,Aliphatic hydrocarbons,"InChI=1S/C5H12/c1-3-5-4-2/h3-5H2,1-2H3",OFBQJSOFQDEBGM-UHFFFAOYSA-N
8,Hexane,,10.02,110-54-3,CCCCCC,,,https://doi.org/10.1021/jp051074l,alkane,Aliphatic hydrocarbons,"InChI=1S/C6H14/c1-3-5-6-4-2/h3-6H2,1-2H3",VLKZOEOYAKHREP-UHFFFAOYSA-N
9,Heptane,,10.03,142-82-5,CCCCCCC,,,https://doi.org/10.1021/jp051075l,alkane,Aliphatic hydrocarbons,"InChI=1S/C7H16/c1-3-5-7-6-4-2/h3-7H2,1-2H3",IMNFDUFMRHMDMM-UHFFFAOYSA-N
10,Cyclopentane,,10,287-92-3,C1CCCC1,,,https://doi.org/10.1021/jp051076l,cyclo,Aromatic & PAHs,InChI=1S/C5H10/c1-2-4-5-3-1/h1-5H2,RGSFGYAAUTVSQA-UHFFFAOYSA-N
11,Cyclohexane,,10.06,110-82-7,C1CCCCC1,,,https://doi.org/10.1021/jp051077l,benzene,Aromatic & PAHs,InChI=1S/C6H12/c1-2-4-6-5-3-1/h1-6H2,XDTMQSROBMDMFD-UHFFFAOYSA-N
12,Cycloheptane,,10.07,291-64-5,C1CCCCCC1,,,https://doi.org/10.1021/jp051078l,cyclo,Aromatic & PAHs,InChI=1S/C7H14/c1-2-4-6-7-5-3-1/h1-7H2,DMEGYFMYUHOHGS-UHFFFAOYSA-N
13,Methanol,,9.72,67-56-1,CO,,,https://doi.org/10.1021/jp051079l,halogenated,Halogenated organics,"InChI=1S/CH4O/c1-2/h2H,1H3",OKKJLVBELUTLKV-UHFFFAOYSA-N
14,Ethanol,,9.85,64-17-5,CCO,,,https://doi.org/10.1021/jp051080l,alkane,Aliphatic hydrocarbons,"InChI=1S/C2H6O/c1-2-3/h3H,2H2,1H3",LFQSCWFLJHTTHZ-UHFFFAOYSA-N
15,benzoic acid,18000000000,10.25527251,65-85-0,O=C(O)c1ccccc1,,,https://doi.org/10.1021/es4036094,benzene,Aromatic & PAHs,"InChI=1S/C7H6O2/c8-7(9)6-4-2-1-3-5-6/h1-5H,(H,8,9)",WPYMKLBDIGXBTP-UHFFFAOYSA-N
16,Hypochlorous acid,3000000000,9.477121255,7790-92-3,OCl,6,,https://doi.org/10.1021/es4036094,alcohol,Oxygenated organics,InChI=1S/ClHO/c1-2/h2H,QWPPOHNGKGFGJK-UHFFFAOYSA-N
17,hypochlorite,8200000000,9.913813852,14380-61-1,[O-]Cl,9,,https://doi.org/10.1021/es4036094,halogenated,Halogenated organics,InChI=1S/ClO/c1-2/q-1,WQYVRQLZKVEZGA-UHFFFAOYSA-N
18,Bicarbonate ion,220000000,8.342422681,71-52-3,O=C([O-])O,,,https://doi.org/10.1021/es4036095,halogenated,Halogenated organics,"InChI=1S/CH2O3/c2-1(3)4/h(H2,2,3,4)/p-1",BVKZGUZCCUSVTD-UHFFFAOYSA-M
19,benzene,12000000000,10.07918125,71-43-2,c1ccccc1,1.5,25,https://doi.org/10.1155/2024/6974417,benzene,Aromatic & PAHs,InChI=1S/C6H6/c1-2-4-6-5-3-1/h1-6H,UHOVQNZJYSORNB-UHFFFAOYSA-N
20,Ethyl alcohol,6200000000,9.792391689,64-17-5,CCO,,21,https://doi.org/10.1002/kin.10109,alkane,Aliphatic hydrocarbons,"InChI=1S/C2H6O/c1-2-3/h3H,2H2,1H3",LFQSCWFLJHTTHZ-UHFFFAOYSA-N
21,Ethyl alcohol,2780000000,9.444044796,64-17-5,CCO,,21,https://doi.org/10.1002/kin.10110,alkane,Aliphatic hydrocarbons,"InChI=1S/C2H6O/c1-2-3/h3H,2H2,1H3",LFQSCWFLJHTTHZ-UHFFFAOYSA-N
22,n-Propyl alcohol,9210000000,9.96425963,71-23-8,CCCO,,21,https://doi.org/10.1002/kin.10111,alkane,Aliphatic hydrocarbons,"InChI=1S/C3H8O/c1-2-3-4/h4H,2-3H2,1H3",BDERNNFJNOPAEC-UHFFFAOYSA-N
23,n-Propyl alcohol,8850000000,9.946943271,71-23-8,CCCO,,21,https://doi.org/10.1002/kin.10112,alkane,Aliphatic hydrocarbons,"InChI=1S/C3H8O/c1-2-3-4/h4H,2-3H2,1H3",BDERNNFJNOPAEC-UHFFFAOYSA-N
24,Isopropyl alcohol,4420000000,9.645422269,67-63-0,CC(C)O,,21,https://doi.org/10.1002/kin.10113,alkane,Aliphatic hydrocarbons,"InChI=1S/C3H8O/c1-3(2)4/h3-4H,1-2H3",KFZMGEQAYNKOFK-UHFFFAOYSA-N
25,Isopropyl alcohol,4970000000,9.696356389,67-63-0,CC(C)O,,21,https://doi.org/10.1002/kin.10114,alkane,Aliphatic hydrocarbons,"InChI=1S/C3H8O/c1-3(2)4/h3-4H,1-2H3",KFZMGEQAYNKOFK-UHFFFAOYSA-N
26,Butanol,12700000000,10.10380372,71-36-3,CCCCO,,21,https://doi.org/10.1002/kin.10115,alkane,Aliphatic hydrocarbons,"InChI=1S/C4H10O/c1-2-3-4-5/h5H,2-4H2,1H3",LRHPLDYGYMQRHN-UHFFFAOYSA-N
27,Butanol,13400000000,10.1271048,71-36-3,CCCCO,,21,https://doi.org/10.1002/kin.10116,alkane,Aliphatic hydrocarbons,"InChI=1S/C4H10O/c1-2-3-4-5/h5H,2-4H2,1H3",LRHPLDYGYMQRHN-UHFFFAOYSA-N
28,Isobutyl alcohol,11200000000,10.04921802,78-83-1,CC(C)CO,,21,https://doi.org/10.1002/kin.10117,alkane,Aliphatic hydrocarbons,"InChI=1S/C4H10O/c1-4(2)3-5/h4-5H,3H2,1-2H3",ZXEKIIBDNHEJCQ-UHFFFAOYSA-N
29,Isobutyl alcohol,11800000000,10.07188201,78-83-1,CC(C)CO,,21,https://doi.org/10.1002/kin.10118,alkane,Aliphatic hydrocarbons,"InChI=1S/C4H10O/c1-4(2)3-5/h4-5H,3H2,1-2H3",ZXEKIIBDNHEJCQ-UHFFFAOYSA-N
30,tert-Butyl alcohol,1890000000,9.276461804,75-65-0,CC(C)(C)O,,21,https://doi.org/10.1002/kin.10119,alkane,Aliphatic hydrocarbons,"InChI=1S/C4H10O/c1-4(2,3)5/h5H,1-3H3",DKGAVHZHDRPRBM-UHFFFAOYSA-N
31,tert-Butyl alcohol,2050000000,9.311753861,75-65-0,CC(C)(C)O,,21,https://doi.org/10.1002/kin.10120,alkane,Aliphatic hydrocarbons,"InChI=1S/C4H10O/c1-4(2,3)5/h5H,1-3H3",DKGAVHZHDRPRBM-UHFFFAOYSA-N
32,n-Pentyl alcohol,15500000000,10.1903317,71-41-0,CCCCCO,,21,https://doi.org/10.1002/kin.10121,alkane,Aliphatic hydrocarbons,"InChI=1S/C5H12O/c1-2-3-4-5-6/h6H,2-5H2,1H3",AMQJEAYHLZJPGS-UHFFFAOYSA-N
33,n-Pentyl alcohol,15500000000,10.1903317,71-41-0,CCCCCO,,21,https://doi.org/10.1002/kin.10122,alkane,Aliphatic hydrocarbons,"InChI=1S/C5H12O/c1-2-3-4-5-6/h6H,2-5H2,1H3",AMQJEAYHLZJPGS-UHFFFAOYSA-N
34,Isopentyl alcohol,14200000000,10.15228834,123-51-3,CC(C)CCO,,21,https://doi.org/10.1002/kin.10123,alkane,Aliphatic hydrocarbons,"InChI=1S/C5H12O/c1-5(2)3-4-6/h5-6H,3-4H2,1-2H3",PHTQWCKDNZKARW-UHFFFAOYSA-N
35,Isopentyl alcohol,14100000000,10.14921911,123-51-3,CC(C)CCO,,21,https://doi.org/10.1002/kin.10124,alkane,Aliphatic hydrocarbons,"InChI=1S/C5H12O/c1-5(2)3-4-6/h5-6H,3-4H2,1-2H3",PHTQWCKDNZKARW-UHFFFAOYSA-N
36,N-Nitrosodimethylamine,683000000,8.834420704,62-75-9,CN(C)N=O,7,25,https://doi.org/10.1016/j.jece.2022.108705,halogenated,Halogenated organics,InChI=1S/C2H6N2O/c1-4(2)3-5/h1-2H3,UMFJAHHVKNCGLG-UHFFFAOYSA-N
37,N-Methyl-N-nitrosoethanamine,502000000,8.700703717,10595-95-6,CCN(C)N=O,7,25,https://doi.org/10.1016/j.jece.2022.108705,alkane,Aliphatic hydrocarbons,"InChI=1S/C3H8N2O/c1-3-5(2)4-6/h3H2,1-2H3",RTDCJKARQCRONF-UHFFFAOYSA-N
38,N-Nitrosodiethylamine,1420000000,9.152288344,55-18-5,CCN(CC)N=O,7,25,https://doi.org/10.1016/j.jece.2022.108705,alkane,Aliphatic hydrocarbons,"InChI=1S/C4H10N2O/c1-3-6(4-2)5-7/h3-4H2,1-2H3",WBNQDOYYEUMPFS-UHFFFAOYSA-N
39,"1-Propanamine,N-nitroso-N-propyl",4210000000,9.624282096,621-64-7,CCCN(CCC)N=O,7,25,https://doi.org/10.1016/j.jece.2022.108705,alkane,Aliphatic hydrocarbons,"InChI=1S/C6H14N2O/c1-3-5-8(7-9)6-4-2/h3-6H2,1-2H3",YLKFDHTUAUWZPQ-UHFFFAOYSA-N
40,N-nitrosodibutylamine,4600000000,9.662757832,924-16-3,O=NN(CCCC)CCCC,7,25,https://doi.org/10.1016/j.jece.2022.108705,halogenated,Halogenated organics,"InChI=1S/C8H18N2O/c1-3-5-7-10(9-11)8-6-4-2/h3-8H2,1-2H3",YGJHZCLPZAZIHH-UHFFFAOYSA-N
41,1-nitrosopyrrolidine,1130000000,9.053078443,930-55-2,O=NN1CCCC1,7,25,https://doi.org/10.1016/j.jece.2022.108705,halogenated,Halogenated organics,InChI=1S/C4H8N2O/c7-5-6-3-1-2-4-6/h1-4H2,WNYADZVDBIBLJJ-UHFFFAOYSA-N
42,1-nitrosopiperidine,5290000000,9.723455672,100-75-4,O=NN1CCCCC1,7,25,https://doi.org/10.1016/j.jece.2022.108705,pyridine,Heterocycles,InChI=1S/C5H10N2O/c8-6-7-4-2-1-3-5-7/h1-5H2,UWSDONTXWQOZFN-UHFFFAOYSA-N
43,"Morpholine,4-nitroso-",5710000000,9.756636108,59-89-2,O=NN1CCOCC1,7,25,https://doi.org/10.1016/j.jece.2022.108705,alcohol,Oxygenated organics,InChI=1S/C4H8N2O2/c7-5-6-1-3-8-4-2-6/h1-4H2,ZKXDGKXYMTYWTB-UHFFFAOYSA-N
44,Carbamazepine,56000000000,10.74818803,298-46-4,NC(=O)N1c2ccccc2C=Cc2ccccc21,7,25,https://doi.org/10.1016/j.watres.2016.04.015,benzene,Aromatic & PAHs,"InChI=1S/C15H12N2O/c16-15(18)17-13-7-3-1-5-11(13)9-10-12-6-2-4-8-14(12)17/h1-10H,(H2,16,18)",FFGPTBGBLSHEPO-UHFFFAOYSA-N
45,"1,4-Dimethoxybenzene",18000000000,10.25527251,150-78-7,COc1ccc(OC)cc1,,,https://doi.org/10.1016/j.jece.2024.112630,alcohol,Oxygenated organics,"InChI=1S/C8H10O2/c1-9-7-3-5-8(10-2)6-4-7/h3-6H,1-2H3",OHBQPCCCRFSCAX-UHFFFAOYSA-N
46,benzoic acid,18000000000,10.25527251,65-85-0,O=C(O)c1ccccc1,,,https://doi.org/10.1016/j.jece.2024.112630,benzene,Aromatic & PAHs,"InChI=1S/C7H6O2/c8-7(9)6-4-2-1-3-5-6/h1-5H,(H,8,9)",WPYMKLBDIGXBTP-UHFFFAOYSA-N
47,Methyl chlorodifluoroacetate,66000000,7.819543936,1514-87-0,COC(C(F)(Cl)F)=O,,25,https://doi.org/10.1007/s00894-013-1865-1,alcohol,Oxygenated organics,"InChI=1S/C3H3ClF2O2/c1-8-2(7)3(4,5)6/h1H3",AWUPLMYXZJKHEG-UHFFFAOYSA-N
48,Isoprene,2.83E+11,11.45178644,78-79-5,C=CC(=C)C,,25,https://doi.org/10.1016/j.scitotenv.2019.136330,halogenated,Halogenated organics,"InChI=1S/C5H8/c1-4-5(2)3/h4H,1-2H2,3H3",RRHGJUQNOFWUDK-UHFFFAOYSA-N
49,Toluene,18000000000,10.25527251,108-88-3,CC1=CC=CC=C1,4,25,https://doi.org/10.1021/jp004630z,cyclo,Aromatic & PAHs,"InChI=1S/C7H8/c1-7-5-3-2-4-6-7/h2-6H,1H3",YXFVVABEGXRONW-UHFFFAOYSA-N
50,Benzoic acid,18000000000,10.25527251,65-85-0,O=C(O)c1ccccc1,4,25,https://doi.org/10.1021/jp004630z,benzene,Aromatic & PAHs,"InChI=1S/C7H6O2/c8-7(9)6-4-2-1-3-5-6/h1-5H,(H,8,9)",WPYMKLBDIGXBTP-UHFFFAOYSA-N
51,Chlorobenzene,18000000000,10.25527251,108-90-7,Clc1ccccc1,4,25,https://doi.org/10.1021/jp004630z,benzene,Aromatic & PAHs,InChI=1S/C6H5Cl/c7-6-4-2-1-3-5-6/h1-5H,MVPPADPHJFYWMZ-UHFFFAOYSA-N
52,Ofloxacin,23454000000,10.37021692,82419-36-1,CC1COc2c(N3CCN(C)CC3)c(F)cc3c(=O)c(C(=O)O)cn1c23,6.5,25,https://doi.org/10.1016/j.jece.2024.113740,alcohol,Oxygenated organics,"InChI=1S/C18H20FN3O4/c1-10-9-26-17-14-11(16(23)12(18(24)25)8-22(10)14)7-13(19)15(17)21-5-3-20(2)4-6-21/h7-8,10H,3-6,9H2,1-2H3,(H,24,25)",GSDSWSVVBLHKDQ-UHFFFAOYSA-N
53,Ciprofibrate,26334000000,10.42051683,52214-84-3,CC(C)(Oc1ccc(C2CC2(Cl)Cl)cc1)C(=O)O,6.5,25,https://doi.org/10.1016/j.jece.2024.113741,alkane,Aliphatic hydrocarbons,"InChI=1S/C13H14Cl2O3/c1-12(2,11(16)17)18-9-5-3-8(4-6-9)10-7-13(10,14)15/h3-6,10H,7H2,1-2H3,(H,16,17)",KPSRODZRAIWAKH-UHFFFAOYSA-N
54,Nitrofurantoin,31644000000,10.50029138,67-20-9,O=C1CN(N=Cc2ccc([N+](=O)[O-])o2)C(=O)N1,6.5,25,https://doi.org/10.1016/j.jece.2024.113742,diol,Polyfunctional / highly functionalized,"InChI=1S/C8H6N4O5/c13-6-4-11(8(14)10-6)9-3-5-1-2-7(17-5)12(15)16/h1-3H,4H2,(H,10,13,14)",NXFQHRVNIOXGAQ-UHFFFAOYSA-N
55,Amoxicillin,7641000000,9.8831502,26787-78-0,CC1(C)SC2C(NC(=O)C(N)c3ccc(O)cc3)C(=O)N2C1C(=O)O,6.5,25,https://doi.org/10.1016/j.jece.2024.113743,"sulfide, disulfide",Sulfur-containing organics,"InChI=1S/C16H19N3O5S/c1-16(2)11(15(23)24)19-13(22)10(14(19)25-16)18-12(21)9(17)7-3-5-8(20)6-4-7/h3-6,9-11,14,20H,17H2,1-2H3,(H,18,21)(H,23,24)",LSQZJLSUYDQPKJ-UHFFFAOYSA-N
56,Paracetamol,24858000000,10.39546618,103-90-2,CC(=O)Nc1ccc(O)cc1,6.5,25,https://doi.org/10.1016/j.jece.2024.113744,benzene,Aromatic & PAHs,"InChI=1S/C8H9NO2/c1-6(10)9-7-2-4-8(11)5-3-7/h2-5,11H,1H3,(H,9,10)",RZVAJINKPMORJF-UHFFFAOYSA-N
57,Levofloxacin,25943400000,10.41402689,100986-85-4,CC1COc2c(N3CCN(C)CC3)c(F)cc3c(=O)c(C(=O)O)cn1c23,6.5,25,https://doi.org/10.1016/j.jece.2024.113745,alcohol,Oxygenated organics,"InChI=1S/C18H20FN3O4/c1-10-9-26-17-14-11(16(23)12(18(24)25)8-22(10)14)7-13(19)15(17)21-5-3-20(2)4-6-21/h7-8,10H,3-6,9H2,1-2H3,(H,24,25)",GSDSWSVVBLHKDQ-UHFFFAOYSA-N
58,Ciprofloxacin,25362000000,10.4041835,85721-33-1,O=C(O)c1cn(C2CC2)c2cc(N3CCNCC3)c(F)cc2c1=O,6.5,25,https://doi.org/10.1016/j.jece.2024.113746,benzene,Aromatic & PAHs,"InChI=1S/C17H18FN3O3/c18-13-7-11-14(8-15(13)20-5-3-19-4-6-20)21(10-1-2-10)9-12(16(11)22)17(23)24/h7-10,19H,1-6H2,(H,23,24)",MYSWGUAQZAJSOK-UHFFFAOYSA-N
59,Caffeine,45500000000,10.6580114,58-08-2,CN1C=NC2=C1C(N(C)C(N2C)=O)=O,6.5,25,https://doi.org/10.1016/j.jece.2024.113747,halogenated,Halogenated organics,"InChI=1S/C8H10N4O2/c1-10-4-9-6-5(10)7(13)12(3)8(14)11(6)2/h4H,1-3H3",RYYVLZVUVIJVGH-UHFFFAOYSA-N
60,2-(Perfluorobutoxy) ethyl acrylate,1.33E+11,11.12385164,38054-57-8,C=CCO-O-CF2CF2CF2CF2CF3,,23,https://doi.org/10.1021/jp810358k,halogenated,Halogenated organics,,
61,Nitrobenzene,2700000000,9.431363764,98-95-3,O=[N+]([O-])c1ccccc1,7,25,https://doi.org/10.1021/acsomega.1c06001,benzene,Aromatic & PAHs,InChI=1S/C6H5NO2/c8-7(9)6-4-2-1-3-5-6/h1-5H,LQNUZADURLCDLV-UHFFFAOYSA-N
62,Benzoate anion,1830,3.26245109,766-76-7,O=C([O-])c1ccccc1,7,25,https://doi.org/10.1021/acsomega.1c06001,benzene,Aromatic & PAHs,"InChI=1S/C7H6O2/c8-7(9)6-4-2-1-3-5-6/h1-5H,(H,8,9)/p-1",WPYMKLBDIGXBTP-UHFFFAOYSA-M
63,p-Chlorobenzoate anion,320000000,8.505149978,16887-60-8,O=C([O-])c1ccc(Cl)cc1,7,25,https://doi.org/10.1021/acsomega.1c06001,benzene,Aromatic & PAHs,"InChI=1S/C7H5ClO2/c8-6-3-1-5(2-4-6)7(9)10/h1-4H,(H,9,10)/p-1",XRHGYUZYPHTUJZ-UHFFFAOYSA-M
64,Nitrite,5000000000,9.698970004,24407-06-5,[O-]N=O,7,25,https://doi.org/10.1016/j.scitotenv.2020.143325,amine,Nitrogen-containing organics,"InChI=1S/HNO2/c2-1-3/h(H,2,3)/p-1",IOVCWXUNBOPUCH-UHFFFAOYSA-M
65,Nitrate,100000000,8,619-97-6,O=[N+]([O-])[O-],7,25,https://doi.org/10.1016/j.scitotenv.2020.143325,amine,Nitrogen-containing organics,InChI=1S/NO3/c2-1(3)4/q-1,NHNBFGGVMKEFGY-UHFFFAOYSA-N
66,Carbamazepine,56000000000,10.74818803,298-46-4,NC(=O)N1c2ccccc2C=Cc2ccccc21,7,25,https://doi.org/10.1016/j.scitotenv.2020.143325,benzene,Aromatic & PAHs,"InChI=1S/C15H12N2O/c16-15(18)17-13-7-3-1-5-11(13)9-10-12-6-2-4-8-14(12)17/h1-10H,(H2,16,18)",FFGPTBGBLSHEPO-UHFFFAOYSA-N
67,tert-Butanol,620000000,8.792391689,75-65-0,CC(C)(C)O,7,25,https://doi.org/10.1016/j.scitotenv.2020.143325,alkane,Aliphatic hydrocarbons,"InChI=1S/C4H10O/c1-4(2,3)5/h5H,1-3H3",DKGAVHZHDRPRBM-UHFFFAOYSA-N
68,Chloride,8000000000,9.903089987,16887-00-6,[Cl-],7,25,https://doi.org/10.1016/j.scitotenv.2020.143325,halogenated,Halogenated organics,InChI=1S/ClH/h1H/p-1,VEXZGXHMUGYJMC-UHFFFAOYSA-M
69,Hypochlorous acid,3000000000,9.477121255,7790-92-3,OCl,7,25,https://doi.org/10.1039/D2EW00320A,alcohol,Oxygenated organics,InChI=1S/ClHO/c1-2/h2H,QWPPOHNGKGFGJK-UHFFFAOYSA-N
70,Hypochlorite ion,8200000000,9.913813852,14380-61-1,ClO-,7,25,https://doi.org/10.1039/D2EW00320A,halogenated,Halogenated organics,,
71,Chloride ion,8500000000,9.929418926,12589-83-2,[Cl-],7,25,https://doi.org/10.1039/D2EW00320A,halogenated,Halogenated organics,InChI=1S/ClH/h1H/p-1,VEXZGXHMUGYJMC-UHFFFAOYSA-M
72,Ni-EDTA,13800000000,10.13987909,15708-41-5,O.O.O.O=C([O-])CN(CCN(CC(=O)[O-])CC(=O)[O-])CC(=O)[O-].[Fe+3].[Na+],3.5,25,https://doi.org/10.1021/acsestwater.2c00598,diol,Polyfunctional / highly functionalized,"InChI=1S/C10H16N2O8.Fe.Na.3H2O/c13-7(14)3-11(4-8(15)16)1-2-12(5-9(17)18)6-10(19)20;;;;;/h1-6H2,(H,13,14)(H,15,16)(H,17,18)(H,19,20);;;3*1H2/q;+3;+1;;;/p-4",OZRWEJGEGJYWSF-UHFFFAOYSA-J
73,benzoic acid,18000000000,10.25527251,65-85-0,O=C(O)c1ccccc1,3.5,25,https://doi.org/10.1021/acsestwater.2c00598,benzene,Aromatic & PAHs,"InChI=1S/C7H6O2/c8-7(9)6-4-2-1-3-5-6/h1-5H,(H,8,9)",WPYMKLBDIGXBTP-UHFFFAOYSA-N
74,Chloride ion,8500000000,9.929418926,12589-83-2,[Cl-],3.5,25,https://doi.org/10.1021/acsestwater.2c00598,halogenated,Halogenated organics,InChI=1S/ClH/h1H/p-1,VEXZGXHMUGYJMC-UHFFFAOYSA-M
75,tert-Butanol,300000000,8.477121255,75-65-0,CC(C)(C)O,3.5,25,https://doi.org/10.1021/acsestwater.2c00598,alkane,Aliphatic hydrocarbons,"InChI=1S/C4H10O/c1-4(2,3)5/h5H,1-3H3",DKGAVHZHDRPRBM-UHFFFAOYSA-N
76,Bicarbonate ion,2200000,6.342422681,71-52-3,O=C([O-])O,3.5,25,https://doi.org/10.1021/acsestwater.2c00598,halogenated,Halogenated organics,"InChI=1S/CH2O3/c2-1(3)4/h(H2,2,3,4)/p-1",BVKZGUZCCUSVTD-UHFFFAOYSA-M
77,basic blue 41,100000000,8,12270-13-2,CCN(CCO)c1ccc(N=Nc2sc3cc(OC)ccc3[n+]2C)cc1.COS(=O)(=O)[O-],9,20,https://doi.org/10.1016/j.jwpe.2025.108213,"sulfide, disulfide",Sulfur-containing organics,"InChI=1S/C19H23N4O2S.CH4O4S/c1-4-23(11-12-24)15-7-5-14(6-8-15)20-21-19-22(2)17-10-9-16(25-3)13-18(17)26-19;1-5-6(2,3)4/h5-10,13,24H,4,11-12H2,1-3H3;1H3,(H,2,3,4)/q+1;/p-1",MHOFGBJTSNWTDT-UHFFFAOYSA-M
78,Benzoic acid,18000000000,10.25527251,65-85-0,O=C(O)c1ccccc1,9,20,https://doi.org/10.1016/j.jwpe.2025.108214,benzene,Aromatic & PAHs,"InChI=1S/C7H6O2/c8-7(9)6-4-2-1-3-5-6/h1-5H,(H,8,9)",WPYMKLBDIGXBTP-UHFFFAOYSA-N
79,Chloride ion,8500000000,9.929418926,12589-83-2,[Cl-],9,20,https://doi.org/10.1016/j.jwpe.2025.108215,halogenated,Halogenated organics,InChI=1S/ClH/h1H/p-1,VEXZGXHMUGYJMC-UHFFFAOYSA-M
80,Acetophenone,13130000000,10.11826473,98-86-2,CC(=O)c1ccccc1,5,25,https://doi.org/10.1016/j.jhazmat.2023.133268,benzene,Aromatic & PAHs,"InChI=1S/C8H8O/c1-7(9)8-5-3-2-4-6-8/h2-6H,1H3",KWOLFJPFCHCOCG-UHFFFAOYSA-N
81,Acetophenone,13240000000,10.12188799,98-86-2,CC(=O)c1ccccc1,7,25,https://doi.org/10.1016/j.jhazmat.2023.133268,benzene,Aromatic & PAHs,"InChI=1S/C8H8O/c1-7(9)8-5-3-2-4-6-8/h2-6H,1H3",KWOLFJPFCHCOCG-UHFFFAOYSA-N
82,Acetophenone,13370000000,10.12613141,98-86-2,CC(=O)c1ccccc1,10,25,https://doi.org/10.1016/j.jhazmat.2023.133268,benzene,Aromatic & PAHs,"InChI=1S/C8H8O/c1-7(9)8-5-3-2-4-6-8/h2-6H,1H3",KWOLFJPFCHCOCG-UHFFFAOYSA-N
83,sulfapyridine,8790000000,9.943988875,144-83-2,Nc1ccc(S(=O)(=O)Nc2ccccn2)cc1,,25,https://doi.org/10.1021/acs.iecr.9b06228,cyclo,Aromatic & PAHs,"InChI=1S/C11H11N3O2S/c12-9-4-6-10(7-5-9)17(15,16)14-11-3-1-2-8-13-11/h1-8H,12H2,(H,13,14)",GECHUMIMRBOMGK-UHFFFAOYSA-N
84,acetaminophen,13300000000,10.12385164,462631-86-3,CC(=O)NC1=CC=C(C=C1)O,7,,https://doi.org/10.1021/acs.est.9b02462,alkane,Aliphatic hydrocarbons,"InChI=1S/C8H9NO2/c1-6(10)9-7-2-4-8(11)5-3-7/h2-5,11H,1H3,(H,9,10)",RZVAJINKPMORJF-UHFFFAOYSA-N
85,aspirin,6800000000,9.832508913,69453-66-3,CC(=O)OC1=CC=CC=C1C(=O)O,7,,https://doi.org/10.1021/acs.est.9b02462,alcohol,Oxygenated organics,"InChI=1S/C9H8O4/c1-6(10)13-8-5-3-2-4-7(8)9(11)12/h2-5H,1H3,(H,11,12)",BSYNRYMUTXBXSQ-UHFFFAOYSA-N
86,diclofenac,37700000000,10.57634135,146607-19-4,C1=CC=C(C(=C1)CC(=O)O)NC2=C(C=CC=C2Cl)Cl,7,,https://doi.org/10.1021/acs.est.9b02462,halogenated,Halogenated organics,"InChI=1S/C14H11Cl2NO2/c15-10-5-3-6-11(16)14(10)17-12-7-2-1-4-9(12)8-13(18)19/h1-7,17H,8H2,(H,18,19)",DCOPUUMXTXDBNB-UHFFFAOYSA-N
87,ibuprofen,27700000000,10.44247977,462631-86-3,CC(C)CC1=CC=C(C=C1)C(C)C(=O)O,7,,https://doi.org/10.1021/acs.est.9b02462,alkane,Aliphatic hydrocarbons,"InChI=1S/C13H18O2/c1-9(2)8-11-4-6-12(7-5-11)10(3)13(14)15/h4-7,9-10H,8H2,1-3H3,(H,14,15)",HEFNNWSXXWATRW-UHFFFAOYSA-N
89,naproxen,20100000000,10.30319606,119166-66-4,C[C@@H](C1=CC2=C(C=C1)C=C(C=C2)OC)C(=O)O,7,,https://doi.org/10.1021/acs.est.9b02462,alcohol,Oxygenated organics,"InChI=1S/C14H14O3/c1-9(14(15)16)10-3-4-12-8-13(17-2)6-5-11(12)7-10/h3-9H,1-2H3,(H,15,16)/t9-/m0/s1",CMWTZPSULFXXJA-VIFPVBQESA-N
90,atenolol,22900000000,10.35983548,1202864-50-3,CC(C)NCC(COC1=CC=C(C=C1)CC(=O)N)O,7,,https://doi.org/10.1021/acs.est.9b02462,alkane,Aliphatic hydrocarbons,"InChI=1S/C14H22N2O3/c1-10(2)16-8-12(17)9-19-13-5-3-11(4-6-13)7-14(15)18/h3-6,10,12,16-17H,7-9H2,1-2H3,(H2,15,18)",METKIMKYRPQLGS-UHFFFAOYSA-N
91,metoprolol,17100000000,10.23299611,959786-79-9,CC(C)NCC(COC1=CC=C(C=C1)CCOC)O,7,,https://doi.org/10.1021/acs.est.9b02462,alcohol,Oxygenated organics,"InChI=1S/C15H25NO3/c1-12(2)16-10-14(17)11-19-15-6-4-13(5-7-15)8-9-18-3/h4-7,12,14,16-17H,8-11H2,1-3H3",IUBSYMUCCVWXPE-UHFFFAOYSA-N
93,amoxicillin,12700000000,10.10380372,2088960-43-2,CC1([C@@H](N2[C@H](S1)[C@@H](C2=O)NC(=O)[C@@H](C3=CC=C(C=C3)O)N)C(=O)O)C,7,,https://doi.org/10.1021/acs.est.9b02462,alkane,Aliphatic hydrocarbons,"InChI=1S/C16H19N3O5S/c1-16(2)11(15(23)24)19-13(22)10(14(19)25-16)18-12(21)9(17)7-3-5-8(20)6-4-7/h3-6,9-11,14,20H,17H2,1-2H3,(H,18,21)(H,23,24)/t9-,10-,11+,14-/m1/s1",LSQZJLSUYDQPKJ-NJBDSQKTSA-N
94,cefotaxime,23000000000,10.36172784,65715-12-0,CC(=O)OCC1=C(N2[C@@H]([C@@H](C2=O)NC(=O)/C(=N\OC)/C3=CSC(=N3)N)SC1)C(=O)O,7,,https://doi.org/10.1021/acs.est.9b02462,"sulfide, disulfide",Sulfur-containing organics,"InChI=1S/C16H17N5O7S2/c1-6(22)28-3-7-4-29-14-10(13(24)21(14)11(7)15(25)26)19-12(23)9(20-27-2)8-5-30-16(17)18-8/h5,10,14H,3-4H2,1-2H3,(H2,17,18)(H,19,23)(H,25,26)/b20-9-/t10-,14-/m1/s1",GPRBEKHLDVQUJE-QSWIMTSFSA-N
95,cephalexin,21700000000,10.33645973,2101505-56-8,CC1=C(N2[C@@H]([C@@H](C2=O)NC(=O)[C@@H](C3=CC=CC=C3)N)SC1)C(=O)O,7,,https://doi.org/10.1021/acs.est.9b02462,"sulfide, disulfide",Sulfur-containing organics,"InChI=1S/C16H17N3O4S/c1-8-7-24-15-11(14(21)19(15)12(8)16(22)23)18-13(20)10(17)9-5-3-2-4-6-9/h2-6,10-11,15H,7,17H2,1H3,(H,18,20)(H,22,23)/t10-,11-,15-/m1/s1",ZAIPMKNFIOOWCQ-UEKVPHQBSA-N
96,cefaclor,15900000000,10.20139712,2747959-02-8,C1C(=C(N2[C@H](S1)[C@@H](C2=O)NC(=O)[C@@H](C3=CC=CC=C3)N)C(=O)O)Cl,7,,https://doi.org/10.1021/acs.est.9b02462,halogenated,Halogenated organics,"InChI=1S/C15H14ClN3O4S/c16-8-6-24-14-10(13(21)19(14)11(8)15(22)23)18-12(20)9(17)7-4-2-1-3-5-7/h1-5,9-10,14H,6,17H2,(H,18,20)(H,22,23)/t9-,10-,14-/m1/s1",QYIYFLOTGYLRGG-GPCCPHFNSA-N
97,penicillin G,12500000000,10.09691001,8069-87-2,CC1([C@@H](N2[C@H](S1)[C@@H](C2=O)NC(=O)CC3=CC=CC=C3)C(=O)O)C,7,,https://doi.org/10.1021/acs.est.9b02462,cyclo,Aromatic & PAHs,"InChI=1S/C16H18N2O4S/c1-16(2)12(15(21)22)18-13(20)11(14(18)23-16)17-10(19)8-9-6-4-3-5-7-9/h3-7,11-12,14H,8H2,1-2H3,(H,17,19)(H,21,22)/t11-,12+,14-/m1/s1",JGSARLDLIJGVTE-MBNYWOFBSA-N
98,penicillin V,13100000000,10.1172713,148680-07-3,CC1([C@@H](N2[C@H](S1)[C@@H](C2=O)NC(=O)COC3=CC=CC=C3)C(=O)O)C,7,,https://doi.org/10.1021/acs.est.9b02462,alcohol,Oxygenated organics,"InChI=1S/C16H18N2O5S/c1-16(2)12(15(21)22)18-13(20)11(14(18)24-16)17-10(19)8-23-9-6-4-3-5-7-9/h3-7,11-12,14H,8H2,1-2H3,(H,17,19)(H,21,22)/t11-,12+,14-/m1/s1",BPLBGHOLXOTWMN-MBNYWOFBSA-N
99,ciprofloxacin,13900000000,10.1430148,93398-92-6,C1CC1N2C=C(C(=O)C3=CC(=C(C=C32)N4CCNCC4)F)C(=O)O,7,,https://doi.org/10.1021/acs.est.9b02462,cyclo,Aromatic & PAHs,"InChI=1S/C17H18FN3O3/c18-13-7-11-14(8-15(13)20-5-3-19-4-6-20)21(10-1-2-10)9-12(16(11)22)17(23)24/h7-10,19H,1-6H2,(H,23,24)",MYSWGUAQZAJSOK-UHFFFAOYSA-N
100,enrofloxacin,15300000000,10.18469143,1219795-24-0,CCN1CCN(CC1)C2=C(C=C3C(=C2)N(C=C(C3=O)C(=O)O)C4CC4)F,7,,https://doi.org/10.1021/acs.est.9b02462,alkane,Aliphatic hydrocarbons,"InChI=1S/C19H22FN3O3/c1-2-21-5-7-22(8-6-21)17-10-16-13(9-15(17)20)18(24)14(19(25)26)11-23(16)12-3-4-12/h9-12H,2-8H2,1H3,(H,25,26)",SPFYMRJSYKOXGV-UHFFFAOYSA-N
101,flumequine,7700000000,9.886490725,42835-68-7,CC1CCC2=C3N1C=C(C(=O)C3=CC(=C2)F)C(=O)O,7,,https://doi.org/10.1021/acs.est.9b02462,cyclo,Aromatic & PAHs,"InChI=1S/C14H12FNO3/c1-7-2-3-8-4-9(15)5-10-12(8)16(7)6-11(13(10)17)14(18)19/h4-7H,2-3H2,1H3,(H,18,19)",DPSPPJIUMHPXMA-UHFFFAOYSA-N
102,ofloxacin,15400000000,10.18752072,97791-27-0,CC1COC2=C3N1C=C(C(=O)C3=CC(=C2N4CCN(CC4)C)F)C(=O)O,7,,https://doi.org/10.1021/acs.est.9b02462,alcohol,Oxygenated organics,"InChI=1S/C18H20FN3O4/c1-10-9-26-17-14-11(16(23)12(18(24)25)8-22(10)14)7-13(19)15(17)21-5-3-20(2)4-6-21/h7-8,10H,3-6,9H2,1-2H3,(H,24,25)",GSDSWSVVBLHKDQ-UHFFFAOYSA-N
103,azithromycin,7800000000,9.892094603,756825-20-4,CC[C@@H]1[C@@]([C@@H]([C@H](N(C[C@@H](C[C@@]([C@@H]([C@H]([C@@H]([C@H](C(=O)O1)C)O[C@H]2C[C@@]([C@H]([C@@H](O2)C)O)(C)OC)C)O[C@H]3[C@@H]([C@H](C[C@H](O3)C)N(C)C)O)(C)O)C)C)C)O)(C)O,7,,https://doi.org/10.1021/acs.est.9b02462,diol,Polyfunctional / highly functionalized,"InChI=1S/C38H72N2O12/c1-15-27-38(10,46)31(42)24(6)40(13)19-20(2)17-36(8,45)33(52-35-29(41)26(39(11)12)16-21(3)48-35)22(4)30(23(5)34(44)50-27)51-28-18-37(9,47-14)32(43)25(7)49-28/h20-33,35,41-43,45-46H,15-19H2,1-14H3/t20-,21-,22+,23-,24-,25+,26+,27-,28+,29-,30+,31-,32+,33-,35+,36-,37-,38-/m1/s1",MQTOSJVFKKJCRP-BICOPXKESA-N
104,erythromycin,6800000000,9.832508913,40554-78-7,CC[C@@H]1[C@@]([C@@H]([C@H](C(=O)[C@@H](C[C@@]([C@@H]([C@H]([C@@H]([C@H](C(=O)O1)C)O[C@H]2C[C@@]([C@H]([C@@H](O2)C)O)(C)OC)C)O[C@H]3[C@@H]([C@H](C[C@H](O3)C)N(C)C)O)(C)O)C)C)O)(C)O,7,,https://doi.org/10.1021/acs.est.9b02462,diol,Polyfunctional / highly functionalized,"InChI=1S/C37H67NO13/c1-14-25-37(10,45)30(41)20(4)27(39)18(2)16-35(8,44)32(51-34-28(40)24(38(11)12)15-19(3)47-34)21(5)29(22(6)33(43)49-25)50-26-17-36(9,46-13)31(42)23(7)48-26/h18-26,28-32,34,40-42,44-45H,14-17H2,1-13H3/t18-,19-,20+,21+,22-,23+,24+,25-,26+,28-,29+,30-,31+,32-,34+,35-,36-,37-/m1/s1",ULGZDMOVFRHVEP-RWJQBGPGSA-N
105,erythromycin,7200000000,9.857332496,40554-78-7,CC[C@@H]1[C@@]([C@@H]([C@H](C(=O)[C@@H](C[C@@]([C@@H]([C@H]([C@@H]([C@H](C(=O)O1)C)O[C@H]2C[C@@]([C@H]([C@@H](O2)C)O)(C)OC)C)O[C@H]3[C@@H]([C@H](C[C@H](O3)C)N(C)C)O)(C)O)C)C)O)(C)O,7,,https://doi.org/10.1021/acs.est.9b02462,diol,Polyfunctional / highly functionalized,"InChI=1S/C37H67NO13/c1-14-25-37(10,45)30(41)20(4)27(39)18(2)16-35(8,44)32(51-34-28(40)24(38(11)12)15-19(3)47-34)21(5)29(22(6)33(43)49-25)50-26-17-36(9,46-13)31(42)23(7)48-26/h18-26,28-32,34,40-42,44-45H,14-17H2,1-13H3/t18-,19-,20+,21+,22-,23+,24+,25-,26+,28-,29+,30-,31+,32-,34+,35-,36-,37-/m1/s1",ULGZDMOVFRHVEP-RWJQBGPGSA-N
107,dimetridazole,4200000000,9.62324929,64678-69-9,CC1=NC=C(N1C)[N+](=O)[O-],7,,https://doi.org/10.1021/acs.est.9b02462,alkane,Aliphatic hydrocarbons,"InChI=1S/C5H7N3O2/c1-4-6-3-5(7(4)2)8(9)10/h3H,1-2H3",IBXPYPUJPLLOIN-UHFFFAOYSA-N
108,metronidazole,3100000000,9.491361694,13182-89-3,CC1=NC=C(N1CCO)[N+](=O)[O-],7,,https://doi.org/10.1021/acs.est.9b02462,alkane,Aliphatic hydrocarbons,"InChI=1S/C6H9N3O3/c1-5-7-4-6(9(11)12)8(5)2-3-10/h4,10H,2-3H2,1H3",VAOCPAMSLUNLGC-UHFFFAOYSA-N
111,sulfanilamide,31200000000,10.49415459,130249-47-7,C1=CC(=CC=C1N)S(=O)(=O)N,7,,https://doi.org/10.1021/acs.est.9b02462,"sulfide, disulfide",Sulfur-containing organics,"InChI=1S/C6H8N2O2S/c7-5-1-3-6(4-2-5)11(8,9)10/h1-4H,7H2,(H2,8,9,10)",FDDDEECHVMSUSB-UHFFFAOYSA-N
112,sulfadimethoxine,40800000000,10.61066016,345936-70-1,COC1=NC(=NC(=C1)NS(=O)(=O)C2=CC=C(C=C2)N)OC,7,,https://doi.org/10.1021/acs.est.9b02462,diol,Polyfunctional / highly functionalized,"InChI=1S/C12H14N4O4S/c1-19-11-7-10(14-12(15-11)20-2)16-21(17,18)9-5-3-8(13)4-6-9/h3-7H,13H2,1-2H3,(H,14,15,16)",ZZORFUFYDOWNEF-UHFFFAOYSA-N
113,sulfadiazine,33500000000,10.52504481,1219149-66-2,C1=CN=C(N=C1)NS(=O)(=O)C2=CC=C(C=C2)N,7,,https://doi.org/10.1021/acs.est.9b02462,"sulfide, disulfide",Sulfur-containing organics,"InChI=1S/C10H10N4O2S/c11-8-2-4-9(5-3-8)17(15,16)14-10-12-6-1-7-13-10/h1-7H,11H2,(H,12,13,14)",SEEPANYCNGTZFQ-UHFFFAOYSA-N
114,sulfamethazine,32100000000,10.50650503,53081-02-0,CC1=CC(=NC(=N1)NS(=O)(=O)C2=CC=C(C=C2)N)C,7,,https://doi.org/10.1021/acs.est.9b02462,"sulfide, disulfide",Sulfur-containing organics,"InChI=1S/C12H14N4O2S/c1-8-7-9(2)15-12(14-8)16-19(17,18)11-5-3-10(13)4-6-11/h3-7H,13H2,1-2H3,(H,14,15,16)",ASWVTGNCAZCNNR-UHFFFAOYSA-N
115,sulfamethoxazole,36400000000,10.56110138,1346603-52-8,CC1=CC(=NO1)NS(=O)(=O)C2=CC=C(C=C2)N,7,,https://doi.org/10.1021/acs.est.9b02462,"sulfide, disulfide",Sulfur-containing organics,"InChI=1S/C10H11N3O3S/c1-7-6-10(12-16-7)13-17(14,15)9-4-2-8(11)3-5-9/h2-6H,11H2,1H3,(H,12,13)",JLKIGFTWXXRPMT-UHFFFAOYSA-N
116,sulfathiazole,37800000000,10.5774918,1020719-89-4,C1=CC(=CC=C1N)S(=O)(=O)NC2=NC=CS2,7,,https://doi.org/10.1021/acs.est.9b02462,"sulfide, disulfide",Sulfur-containing organics,"InChI=1S/C9H9N3O2S2/c10-7-1-3-8(4-2-7)16(13,14)12-9-11-5-6-15-9/h1-6H,10H2,(H,11,12)",JNMRHUJNCSQMMB-UHFFFAOYSA-N
119,oxytetracycline,23600000000,10.372912,8017-33-2,C[C@@]1([C@H]2[C@@H]([C@H]3[C@@H](C(=O)C(=C([C@]3(C(=O)C2=C(C4=C1C=CC=C4O)O)O)O)C(=O)N)N(C)C)O)O,7,,https://doi.org/10.1021/acs.est.9b02462,diol,Polyfunctional / highly functionalized,"InChI=1S/C22H24N2O9/c1-21(32)7-5-4-6-8(25)9(7)15(26)10-12(21)17(28)13-14(24(2)3)16(27)11(20(23)31)19(30)22(13,33)18(10)29/h4-6,12-14,17,25-26,28,30,32-33H,1-3H3,(H2,23,31)/t12-,13-,14+,17+,21-,22+/m1/s1",OWFJMIVZYSDULZ-PXOLEDIWSA-N
120,tetracycline,19800000000,10.29666519,84187-37-1,C[C@@]1([C@H]2C[C@H]3[C@@H](C(=O)C(=C([C@]3(C(=O)C2=C(C4=C1C=CC=C4O)O)O)O)C(=O)N)N(C)C)O,7,,https://doi.org/10.1021/acs.est.9b02462,diol,Polyfunctional / highly functionalized,"InChI=1S/C22H24N2O8/c1-21(31)8-5-4-6-11(25)12(8)16(26)13-9(21)7-10-15(24(2)3)17(27)14(20(23)30)19(29)22(10,32)18(13)28/h4-6,9-10,15,25-26,29,31-32H,7H2,1-3H3,(H2,23,30)/t9-,10-,15-,21+,22-/m0/s1",NWXMGUDVXFXRIG-WESIUVDSSA-N
121,bezafibrate,10400000000,10.01703334,153758-85-1,CC(C)(C(=O)O)OC1=CC=C(C=C1)CCNC(=O)C2=CC=C(C=C2)Cl,7,,https://doi.org/10.1021/acs.est.9b02462,alcohol,Oxygenated organics,"InChI=1S/C19H20ClNO4/c1-19(2,18(23)24)25-16-9-3-13(4-10-16)11-12-21-17(22)14-5-7-15(20)8-6-14/h3-10H,11-12H2,1-2H3,(H,21,22)(H,23,24)",IIBYAHWJQTYFKB-UHFFFAOYSA-N
122,clofibric acid,5500000000,9.740362689,72072-47-0,CC(C)(C(=O)O)OC1=CC=C(C=C1)Cl,7,,https://doi.org/10.1021/acs.est.9b02462,alcohol,Oxygenated organics,"InChI=1S/C10H11ClO3/c1-10(2,9(12)13)14-8-5-3-7(11)4-6-8/h3-6H,1-2H3,(H,12,13)",TXCGAZHTZHNUAI-UHFFFAOYSA-N
123,gemfibrozil,21400000000,10.33041377,86837-66-3,CC1=CC(=C(C=C1)C)OCCCC(C)(C)C(=O)O,7,,https://doi.org/10.1021/acs.est.9b02462,alcohol,Oxygenated organics,"InChI=1S/C15H22O3/c1-11-6-7-12(2)13(10-11)18-9-5-8-15(3,4)14(16)17/h6-7,10H,5,8-9H2,1-4H3,(H,16,17)",HEMJJKBWTPKOJG-UHFFFAOYSA-N
124,caffeine,38700000000,10.58771097,78072-66-9,CN1C=NC2=C1C(=O)N(C(=O)N2C)C,7,,https://doi.org/10.1021/acs.est.9b02462,halogenated,Halogenated organics,"InChI=1S/C8H10N4O2/c1-10-4-9-6-5(10)7(13)12(3)8(14)11(6)2/h4H,1-3H3",RYYVLZVUVIJVGH-UHFFFAOYSA-N
125,theophylline,39800000000,10.59988307,28384-81-8,CN1C2=C(C(=O)N(C1=O)C)NC=N2,7,,https://doi.org/10.1021/acs.est.9b02462,halogenated,Halogenated organics,"InChI=1S/C7H8N4O2/c1-10-5-4(8-3-9-5)6(12)11(2)7(10)13/h3H,1-2H3,(H,8,9)",ZFXYFBGIUFBOJW-UHFFFAOYSA-N
126,xanthine,38100000000,10.58092498,69-89-6,C1=NC2=C(N1)C(=O)NC(=O)N2,7,,https://doi.org/10.1021/acs.est.9b02462,halogenated,Halogenated organics,"InChI=1S/C5H4N4O2/c10-4-2-3(7-1-6-2)8-5(11)9-4/h1H,(H3,6,7,8,9,10,11)",LRFVTYWOQMYALW-UHFFFAOYSA-N
127,cimetidine,4300000000,9.633468456,38603-74-6,CC1=C(N=CN1)CSCCNC(=NC)NC#N,7,,https://doi.org/10.1021/acs.est.9b02462,"sulfide, disulfide",Sulfur-containing organics,"InChI=1S/C10H16N6S/c1-8-9(16-7-15-8)5-17-4-3-13-10(12-2)14-6-11/h7H,3-5H2,1-2H3,(H,15,16)(H2,12,13,14)",AQIXAKUUQRKLND-UHFFFAOYSA-N
128,famotidine,17200000000,10.23552845,1798006-30-0,C1=C(N=C(S1)N=C(N)N)CSCC/C(=N/S(=O)(=O)N)/N,7,,https://doi.org/10.1021/acs.est.9b02462,"sulfide, disulfide",Sulfur-containing organics,"InChI=1S/C8H15N7O2S3/c9-6(15-20(12,16)17)1-2-18-3-5-4-19-8(13-5)14-7(10)11/h4H,1-3H2,(H2,9,15)(H2,12,16,17)(H4,10,11,13,14)",XUFQPHANEAPEMJ-UHFFFAOYSA-N
129,carbamazepine,33000000000,10.51851394,1189902-21-3,C1=CC=C2C(=C1)C=CC3=CC=CC=C3N2C(=O)N,7,,https://doi.org/10.1021/acs.est.9b02462,cyclo,Aromatic & PAHs,"InChI=1S/C15H12N2O/c16-15(18)17-13-7-3-1-5-11(13)9-10-12-6-2-4-8-14(12)17/h1-10H,(H2,16,18)",FFGPTBGBLSHEPO-UHFFFAOYSA-N
131,iopromide,27500000000,10.43933269,185459-57-8,CN(CC(CO)O)C(=O)C1=C(C(=C(C(=C1I)C(=O)NCC(CO)O)I)NC(=O)COC)I,7,,https://doi.org/10.1021/acs.est.9b02462,diol,Polyfunctional / highly functionalized,"InChI=1S/C18H24I3N3O8/c1-24(4-9(28)6-26)18(31)12-13(19)11(17(30)22-3-8(27)5-25)14(20)16(15(12)21)23-10(29)7-32-2/h8-9,25-28H,3-7H2,1-2H3,(H,22,30)(H,23,29)",DGAIEPBNLOQYER-UHFFFAOYSA-N
133,mesalazine,22300000000,10.34830486,121887-11-4,C1=CC(=C(C=C1N)C(=O)O)O,7,,https://doi.org/10.1021/acs.est.9b02462,halogenated,Halogenated organics,"InChI=1S/C7H7NO3/c8-4-1-2-6(9)5(3-4)7(10)11/h1-3,9H,8H2,(H,10,11)",KBOPZPXVLCULAV-UHFFFAOYSA-N
135,primidone,6200000000,9.792391689,125-33-7,CCC1(C(=O)NCNC1=O)C2=CC=CC=C2,7,,https://doi.org/10.1021/acs.est.9b02462,cyclo,Aromatic & PAHs,"InChI=1S/C12H14N2O2/c1-2-12(9-6-4-3-5-7-9)10(15)13-8-14-11(12)16/h3-7H,2,8H2,1H3,(H,13,15)(H,14,16)",DQMZLTXERSFNPB-UHFFFAOYSA-N
138,sucralose,11100000000,10.04532298,848642-13-7,C([C@@H]1[C@@H]([C@@H]([C@H]([C@H](O1)O[C@]2([C@H]([C@@H]([C@H](O2)CCl)O)O)CCl)O)O)Cl)O,7,,https://doi.org/10.1021/acs.est.9b02462,diol,Polyfunctional / highly functionalized,"InChI=1S/C12H19Cl3O8/c13-1-4-7(17)10(20)12(3-14,22-4)23-11-9(19)8(18)6(15)5(2-16)21-11/h4-11,16-20H,1-3H2/t4-,5-,6+,7-,8+,9-,10+,11-,12+/m1/s1",BAQAVOSOZGMPRM-QBMZZYIRSA-N
140,triclosan,27600000000,10.44090908,1020720-00-6,C1=CC(=C(C=C1Cl)O)OC2=C(C=C(C=C2)Cl)Cl,7,,https://doi.org/10.1021/acs.est.9b02462,alcohol,Oxygenated organics,"InChI=1S/C12H7Cl3O2/c13-7-1-3-11(9(15)5-7)17-12-4-2-8(14)6-10(12)16/h1-6,16H",XEFQLINVKFYRCS-UHFFFAOYSA-N
141,trimethoprim,21100000000,10.32428246,304671-81-6,COC1=CC(=CC(=C1OC)OC)CC2=CN=C(N=C2N)N,7,,https://doi.org/10.1021/acs.est.9b02462,diol,Polyfunctional / highly functionalized,"InChI=1S/C14H18N4O3/c1-19-10-5-8(6-11(20-2)12(10)21-3)4-9-7-17-14(16)18-13(9)15/h5-7H,4H2,1-3H3,(H4,15,16,17,18)",IEDVJHCEMCRBQM-UHFFFAOYSA-N
143,dimethyl phthalate,18100000000,10.25767857,198283-80-6,COC(=O)C1=CC=CC=C1C(=O)OC,7,,https://doi.org/10.1021/acs.est.9b02462,diol,Polyfunctional / highly functionalized,"InChI=1S/C10H10O4/c1-13-9(11)7-5-3-4-6-8(7)10(12)14-2/h3-6H,1-2H3",NIQCNGHVCWTJSM-UHFFFAOYSA-N
144,diethyl phthalate,19700000000,10.29446623,1817006-92-0,CCOC(=O)C1=CC=CC=C1C(=O)OCC,7,,https://doi.org/10.1021/acs.est.9b02462,diol,Polyfunctional / highly functionalized,"InChI=1S/C12H14O4/c1-3-15-11(13)9-7-5-6-8-10(9)12(14)16-4-2/h5-8H,3-4H2,1-2H3",FLKPEMZONWLCSK-UHFFFAOYSA-N
145,dibutyl phthalate,19600000000,10.29225607,93952-11-5,CCCCOC(=O)C1=CC=CC=C1C(=O)OCCCC,7,,https://doi.org/10.1021/acs.est.9b02462,diol,Polyfunctional / highly functionalized,"InChI=1S/C16H22O4/c1-3-5-11-19-15(17)13-9-7-8-10-14(13)16(18)20-12-6-4-2/h7-10H,3-6,11-12H2,1-2H3",DOIRQSBPFJWKBE-UHFFFAOYSA-N
146,estrone (E1),20600000000,10.31386722,15426-98-9,C[C@]12CC[C@H]3[C@H]([C@@H]1CCC2=O)CCC4=C3C=CC(=C4)O,7,,https://doi.org/10.1021/acs.est.9b02462,halogenated,Halogenated organics,"InChI=1S/C18H22O2/c1-18-9-8-14-13-5-3-12(19)10-11(13)2-4-15(14)16(18)6-7-17(18)20/h3,5,10,14-16,19H,2,4,6-9H2,1H3/t14-,15-,16+,18+/m1/s1",DNXHEGUUPJUMQT-CBZIJGRNSA-N
147,estradiol (E2),20100000000,10.30319606,50-28-2,OC1=CC2=C(C=C1)[C@]3([H])[C@@]([C@@](CC[C@@H]4O)([H])[C@]4(C)CC3)([H])CC2,7,,https://doi.org/10.1021/acs.est.9b02462,alcohol,Oxygenated organics,"InChI=1S/C18H24O2/c1-18-9-8-14-13-5-3-12(19)10-11(13)2-4-15(14)16(18)6-7-17(18)20/h3,5,10,14-17,19-20H,2,4,6-9H2,1H3/t14-,15-,16+,17+,18+/m1/s1",VOXZDWNPVJITMN-ZBRFXRBCSA-N
148,ethinyl estradiol (EE2),25600000000,10.40823997,57-63-6,C#CC1(O)CCC2C3CCc4cc(O)ccc4C3CCC21C,7,,https://doi.org/10.1021/acs.est.9b02462,cyclo,Aromatic & PAHs,"InChI=1S/C20H24O2/c1-3-20(22)11-9-18-17-6-4-13-12-14(21)5-7-15(13)16(17)8-10-19(18,20)2/h1,5,7,12,16-18,21-22H,4,6,8-11H2,2H3",BFPYWIDHMRZLRN-UHFFFAOYSA-N
149,bisphenol A,18200000000,10.26007139,68440-77-7,CC(C)(C1=CC=C(C=C1)O)C2=CC=C(C=C2)O,7,,https://doi.org/10.1021/acs.est.9b02462,alkane,Aliphatic hydrocarbons,"InChI=1S/C15H16O2/c1-15(2,11-3-7-13(16)8-4-11)12-5-9-14(17)10-6-12/h3-10,16-17H,1-2H3",IISBACLAFKSPIT-UHFFFAOYSA-N
150,methylparaben,15200000000,10.18184359,222545-59-7,COC(=O)C1=CC=C(C=C1)O,7,,https://doi.org/10.1021/acs.est.9b02462,alcohol,Oxygenated organics,"InChI=1S/C8H8O3/c1-11-8(10)6-2-4-7(9)5-3-6/h2-5,9H,1H3",LXCFILQKKLGQFO-UHFFFAOYSA-N
151,nonylphenol,10000000000,10,84852-15-3,CCCCCCCCCC1=CC=CC=C1O,7,,https://doi.org/10.1021/acs.est.9b02462,cyclo,Aromatic & PAHs,"InChI=1S/C15H24O/c1-2-3-4-5-6-7-8-11-14-12-9-10-13-15(14)16/h9-10,12-13,16H,2-8,11H2,1H3",SNQQPOLDUKLAAF-UHFFFAOYSA-N
152,4-chloroaniline,21700000000,10.33645973,108321-68-2,C1=CC(=CC=C1N)Cl,7,,https://doi.org/10.1021/acs.est.9b02462,halogenated,Halogenated organics,"InChI=1S/C6H6ClN/c7-5-1-3-6(8)4-2-5/h1-4H,8H2",QSNSCYSYFYORTR-UHFFFAOYSA-N
153,4-methylcatechol,24900000000,10.39619935,1219803-18-5,CC1=CC(=C(C=C1)O)O,7,,https://doi.org/10.1021/acs.est.9b02462,alkane,Aliphatic hydrocarbons,"InChI=1S/C7H8O2/c1-5-2-3-6(8)7(9)4-5/h2-4,8-9H,1H3",ZBCATMYQYDCTIZ-UHFFFAOYSA-N
155,6-aminopenicillanic,3400000000,9.531478917,551-16-6,CC1(C)SC2C(N)C(=O)N2C1C(=O)O,7,,https://doi.org/10.1021/acs.est.9b02462,"sulfide, disulfide",Sulfur-containing organics,"InChI=1S/C8H12N2O3S/c1-8(2)4(7(12)13)10-5(11)3(9)6(10)14-8/h3-4,6H,9H2,1-2H3,(H,12,13)",NGHVIOIJCVXTGV-UHFFFAOYSA-N
156,7-aminocephalosporanic,11400000000,10.05690485,957-68-6,CC(=O)OCC1=C(C(=O)O)N2C(=O)C(N)C2SC1,7,,https://doi.org/10.1021/acs.est.9b02462,"sulfide, disulfide",Sulfur-containing organics,"InChI=1S/C10H12N2O5S/c1-4(13)17-2-5-3-18-9-6(11)8(14)12(9)7(5)10(15)16/h6,9H,2-3,11H2,1H3,(H,15,16)",HSHGZXNAXBPPDL-UHFFFAOYSA-N
157,acetylacetone,2900000000,9.462397998,90170-79-9,CC(=O)CC(=O)C,7,,https://doi.org/10.1021/acs.est.9b02462,alkane,Aliphatic hydrocarbons,"InChI=1S/C5H8O2/c1-4(6)3-5(2)7/h3H2,1-2H3",YRKCREAYFQTBPV-UHFFFAOYSA-N
158,aniline,27400000000,10.43775056,179938-55-7,C1=CC=C(C=C1)N,7,,https://doi.org/10.1021/acs.est.9b02462,halogenated,Halogenated organics,"InChI=1S/C6H7N/c7-6-4-2-1-3-5-6/h1-5H,7H2",PAYRUJLWNCNPSJ-UHFFFAOYSA-N
160,benzoic acid,13500000000,10.13033377,183430-27-5,C1=CC=C(C=C1)C(=O)O,7,,https://doi.org/10.1021/acs.est.9b02462,halogenated,Halogenated organics,"InChI=1S/C7H6O2/c8-7(9)6-4-2-1-3-5-6/h1-5H,(H,8,9)",WPYMKLBDIGXBTP-UHFFFAOYSA-N
161,gallic acid,18300000000,10.26245109,149-91-7,C1=C(C=C(C(=C1O)O)O)C(=O)O,7,,https://doi.org/10.1021/acs.est.9b02462,diol,Polyfunctional / highly functionalized,"InChI=1S/C7H6O5/c8-4-1-3(7(11)12)2-5(9)6(4)10/h1-2,8-10H,(H,11,12)",LNTHITQWFMADLM-UHFFFAOYSA-N
163,phenol,11200000000,10.04921802,53379-77-4,C1=CC=C(C=C1)O,7,,https://doi.org/10.1021/acs.est.9b02462,halogenated,Halogenated organics,"InChI=1S/C6H6O/c7-6-4-2-1-3-5-6/h1-5,7H",ISWSIDIOOBJBQZ-UHFFFAOYSA-N
165,p-toluidine,27300000000,10.43616265,40825-60-3,CC1=CC=C(C=C1)N,7,,https://doi.org/10.1021/acs.est.9b02462,alkane,Aliphatic hydrocarbons,"InChI=1S/C7H9N/c1-6-2-4-7(8)5-3-6/h2-5H,8H2,1H3",RZXMPPFPUUCRFN-UHFFFAOYSA-N
166,pyrimidine,500000000,8.698970004,767-79-3,C1=CN=CN=C1,7,,https://doi.org/10.1021/acs.est.9b02462,cyclo,Aromatic & PAHs,InChI=1S/C4H4N2/c1-2-5-4-6-3-1/h1-4H,CZPWVGJYEJSRLH-UHFFFAOYSA-N
167,pyrocatechol,28200000000,10.45024911,3117-41-7,C1=CC=C(C(=C1)O)O,7,,https://doi.org/10.1021/acs.est.9b02462,halogenated,Halogenated organics,"InChI=1S/C6H6O2/c7-5-3-1-2-4-6(5)8/h1-4,7-8H",YCIMNLLNPGFGHC-UHFFFAOYSA-N
168,"TMBd (1,3,5-trimethoxybenzene)",13300000000,10.12385164,621-23-8,COc1cc(OC)cc(OC)c1,7,,https://doi.org/10.1021/acs.est.9b02462,alcohol,Oxygenated organics,"InChI=1S/C9H12O3/c1-10-7-4-8(11-2)6-9(5-7)12-3/h4-6H,1-3H3",LKUDPHPHKOZXCD-UHFFFAOYSA-N
169,benzoic acid,18000000000,10.25527251,183430-27-5,C1=CC=C(C=C1)C(=O)O,,,https://doi.org/10.1021/es4036094,halogenated,Halogenated organics,"InChI=1S/C7H6O2/c8-7(9)6-4-2-1-3-5-6/h1-5H,(H,8,9)",WPYMKLBDIGXBTP-UHFFFAOYSA-N
170,"1,4- dimethoxybenzene",18000000000,10.25527251,150-78-7,COc1ccc(OC)cc1,,,https://doi.org/10.1021/acs.est.9b00959,alcohol,Oxygenated organics,"InChI=1S/C8H10O2/c1-9-7-3-5-8(10-2)6-4-7/h3-6H,1-2H3",OHBQPCCCRFSCAX-UHFFFAOYSA-N
171,Quinoline,12000000000,10.07918125,91-22-5,C1=CC=C2C(=C1)C=CC=N2,,,NIST,halogenated,Halogenated organics,InChI=1S/C9H7N/c1-2-6-9-8(4-1)5-3-7-10-9/h1-7H,SMWDFEZZVXVKRB-UHFFFAOYSA-N
172,Propanoic acid,600000000,8.77815125,79-09-4,CCC(=O)O,,,NIST,alkane,Aliphatic hydrocarbons,"InChI=1S/C3H6O2/c1-2-3(4)5/h2H2,1H3,(H,4,5)",XBDQKXXYIPTUBI-UHFFFAOYSA-N
173,Propanoic acid,200000000,8.301029996,79-09-4,CCC(=O)O,,,NIST,alkane,Aliphatic hydrocarbons,"InChI=1S/C3H6O2/c1-2-3(4)5/h2H2,1H3,(H,4,5)",XBDQKXXYIPTUBI-UHFFFAOYSA-N
174,Hypochlorous acid,3000000000,9.477121255,7790-92-3,OCl,,,NIST,alcohol,Oxygenated organics,InChI=1S/ClHO/c1-2/h2H,QWPPOHNGKGFGJK-UHFFFAOYSA-N
175,Water,250000,5.397940009,7732-18-5,O,,,NIST,alcohol,Oxygenated organics,InChI=1S/H2O/h1H2,XLYOFNOQVPJJNP-UHFFFAOYSA-N
176,Water,160000,5.204119983,7732-18-5,O,,,NIST,alcohol,Oxygenated organics,InChI=1S/H2O/h1H2,XLYOFNOQVPJJNP-UHFFFAOYSA-N
177,"2-Propanol, 2-methyl-",300000000,8.477121255,75-65-0,CC(C)(C)O,,,NIST,alkane,Aliphatic hydrocarbons,"InChI=1S/C4H10O/c1-4(2,3)5/h5H,1-3H3",DKGAVHZHDRPRBM-UHFFFAOYSA-N
178,"2-Propanol, 2-methyl-",1500000000,9.176091259,75-65-0,CC(C)(C)O,,,NIST,alkane,Aliphatic hydrocarbons,"InChI=1S/C4H10O/c1-4(2,3)5/h5H,1-3H3",DKGAVHZHDRPRBM-UHFFFAOYSA-N
179,"2-Propanol, 2-methyl-",700000000,8.84509804,75-65-0,CC(C)(C)O,2,,NIST,alkane,Aliphatic hydrocarbons,"InChI=1S/C4H10O/c1-4(2,3)5/h5H,1-3H3",DKGAVHZHDRPRBM-UHFFFAOYSA-N
180,"Carbonate, hydrogen",220000000,8.342422681,71-52-3,C(=O)(O)[O-],,,NIST,halogenated,Halogenated organics,"InChI=1S/CH2O3/c2-1(3)4/h(H2,2,3,4)/p-1",BVKZGUZCCUSVTD-UHFFFAOYSA-M
181,Isopropyl Alcohol,6000000000,9.77815125,67-63-0,CC(C)O,,,NIST,alkane,Aliphatic hydrocarbons,"InChI=1S/C3H8O/c1-3(2)4/h3-4H,1-2H3",KFZMGEQAYNKOFK-UHFFFAOYSA-N
182,Acetic acid,200000000,8.301029996,64-19-7,CC(=O)O,,,NIST,alkane,Aliphatic hydrocarbons,"InChI=1S/C2H4O2/c1-2(3)4/h1H3,(H,3,4)",QTBSBXVTEAMEQO-UHFFFAOYSA-N
183,Ethanol,750000000,8.875061263,64-17-5,CCO,,,NIST,alkane,Aliphatic hydrocarbons,"InChI=1S/C2H6O/c1-2-3/h3H,2H2,1H3",LFQSCWFLJHTTHZ-UHFFFAOYSA-N
184,Ethanol,1500000000,9.176091259,64-17-5,CCO,,,NIST,alkane,Aliphatic hydrocarbons,"InChI=1S/C2H6O/c1-2-3/h3H,2H2,1H3",LFQSCWFLJHTTHZ-UHFFFAOYSA-N
185,Carbon trioxide,500000000,8.698970004,3812-32-6,C(=O)([O])[O],,,NIST,halogenated,Halogenated organics,InChI=1S/CO3/c2-1(3)4,DPFFXSPEODLYOH-UHFFFAOYSA-N
186,Chlorine atom,88000000,7.944482672,22537-15-1,Cl,,,NIST,halogenated,Halogenated organics,InChI=1S/ClH/h1H,VEXZGXHMUGYJMC-UHFFFAOYSA-N
187,Chlorine atom,250000000,8.397940009,22537-15-1,Cl,,,NIST,halogenated,Halogenated organics,InChI=1S/ClH/h1H,VEXZGXHMUGYJMC-UHFFFAOYSA-N
188,Chlorine atom,760000000,8.880813592,22537-15-1,Cl,,,NIST,halogenated,Halogenated organics,InChI=1S/ClH/h1H,VEXZGXHMUGYJMC-UHFFFAOYSA-N
189,Chlorine anion,8000000000,9.903089987,16887-00-6,[Cl-],3.5,,NIST,halogenated,Halogenated organics,InChI=1S/ClH/h1H/p-1,VEXZGXHMUGYJMC-UHFFFAOYSA-M
190,Chlorine anion,6500000000,9.812913357,16887-00-6,[Cl-],,,NIST,halogenated,Halogenated organics,InChI=1S/ClH/h1H/p-1,VEXZGXHMUGYJMC-UHFFFAOYSA-M
191,Chlorine anion,21000000000,10.32221929,16887-00-6,[Cl-],2,,NIST,halogenated,Halogenated organics,InChI=1S/ClH/h1H/p-1,VEXZGXHMUGYJMC-UHFFFAOYSA-M
192,Ferrous ion,13000000000,10.11394335,15438-31-0,[Fe+2],0,,NIST,halogenated,Halogenated organics,InChI=1S/Fe/q+2,CWYNVVGOOAEACU-UHFFFAOYSA-N
193,Sulfate ion,250000000,8.397940009,14808-79-8,[O-]S(=O)(=O)[O-],6.2,,NIST,"sulfide, disulfide",Sulfur-containing organics,"InChI=1S/H2O4S/c1-5(2,3)4/h(H2,1,2,3,4)/p-2",QAOWNCQODCNURD-UHFFFAOYSA-L
194,hypochlorite,8200000000,9.913813852,14380-61-1,[O-]Cl,,,NIST,halogenated,Halogenated organics,InChI=1S/ClO/c1-2/q-1,WQYVRQLZKVEZGA-UHFFFAOYSA-N
195,Hydroxyl anion,18000000000,10.25527251,14280-30-9,[OH-],,,NIST,alcohol,Oxygenated organics,InChI=1S/H2O/h1H2/p-1,XLYOFNOQVPJJNP-UHFFFAOYSA-M
196,Tetrachloroethylene,280000000,8.447158031,127-18-4,C(=C(Cl)Cl)(Cl)Cl,,,NIST,alkane,Aliphatic hydrocarbons,InChI=1S/C2Cl4/c3-1(4)2(5)6,CYTYCFOTNPOANT-UHFFFAOYSA-N
197,Fumaric Acid,3000000000,9.477121255,110-17-8,C(=C/C(=O)O)\C(=O)O,,,NIST,halogenated,Halogenated organics,"InChI=1S/C4H4O4/c5-3(6)1-2-4(7)8/h1-2H,(H,5,6)(H,7,8)/b2-1+",VZCYOOQTPOCHFL-OWOJBTEDSA-N
198,H2O,160000,5.204119983,19215-29-3,O,,,https://doi.org/10.1002/bbpc.19850890309,alcohol,Oxygenated organics,InChI=1S/H2O/h1H2,XLYOFNOQVPJJNP-UHFFFAOYSA-N
199,H2O,2500000000,9.397940009,19215-29-3,O,,,https://doi.org/10.1021/j100369a044,alcohol,Oxygenated organics,InChI=1S/H2O/h1H2,XLYOFNOQVPJJNP-UHFFFAOYSA-N
200,H2O,250000,5.397940009,19215-29-3,O,,,https://doi.org/10.1039/A707377A,alcohol,Oxygenated organics,InChI=1S/H2O/h1H2,XLYOFNOQVPJJNP-UHFFFAOYSA-N
201,H2O,160000,5.204119983,19215-29-3,O,,,https://doi.org/10.1021/jp036211i,alcohol,Oxygenated organics,InChI=1S/H2O/h1H2,XLYOFNOQVPJJNP-UHFFFAOYSA-N
202,Cl -,21000000000,10.32221929,1361497-78-0,Cl⁻,,,https://doi.org/10.1039/F19736901597,halogenated,Halogenated organics,InChI=1S/ClH/h1H,VEXZGXHMUGYJMC-UHFFFAOYSA-N
203,Cl -,6500000000,9.812913357,1361497-78-0,Cl⁻,,,https://doi.org/10.1002/bbpc.19850890309,halogenated,Halogenated organics,InChI=1S/ClH/h1H,VEXZGXHMUGYJMC-UHFFFAOYSA-N
204,Cl -,8000000000,9.903089987,1361497-78-0,Cl⁻,,,https://doi.org/10.1021/j100257a037,halogenated,Halogenated organics,InChI=1S/ClH/h1H,VEXZGXHMUGYJMC-UHFFFAOYSA-N
205,Cl -,8500000000,9.929418926,1361497-78-0,Cl⁻,,,https://doi.org/10.1039/A707377A,halogenated,Halogenated organics,InChI=1S/ClH/h1H,VEXZGXHMUGYJMC-UHFFFAOYSA-N
206,Cl -,7800000000,9.892094603,1361497-78-0,Cl⁻,,,https://doi.org/10.1021/jp0266648,halogenated,Halogenated organics,InChI=1S/ClH/h1H,VEXZGXHMUGYJMC-UHFFFAOYSA-N
207,HOCl,2000000000,9.301029996,71606-47-8,OCl,,,https://doi.org/10.1021/j100647a006,alcohol,Oxygenated organics,InChI=1S/ClHO/c1-2/h2H,QWPPOHNGKGFGJK-UHFFFAOYSA-N
208,HOCl,3000000000,9.477121255,71606-47-8,OCl,,,https://doi.org/10.1002/bbpc.19850890309,alcohol,Oxygenated organics,InChI=1S/ClHO/c1-2/h2H,QWPPOHNGKGFGJK-UHFFFAOYSA-N
209,ClO–,8200000000,9.913813852,14989-30-1,ClO-,,,https://doi.org/10.1002/bbpc.19850890309,halogenated,Halogenated organics,,
210,ClO3 –,500000000,8.698970004,13932-10-0,[Cl+5](=O)(O)[O-],,,https://doi.org/10.1039/A907133D,halogenated,Halogenated organics,"InChI=1S/ClHO3/c2-1(3)4/h(H-,2,3,4)/q+4",FDQHSFZCZLXEQC-UHFFFAOYSA-N
211,OH–,18000000000,10.25527251,211430-99-8,[OH-],,,https://doi.org/10.1002/bbpc.19850890309,alcohol,Oxygenated organics,InChI=1S/H2O/h1H2/p-1,XLYOFNOQVPJJNP-UHFFFAOYSA-M
212,HSO3 –,2800000000,9.447158031,15457-98-4,[H+][S+4](=O)(O)[O-],,,https://doi.org/10.1039/A907133D,"sulfide, disulfide",Sulfur-containing organics,"InChI=1S/H2O3S/c1-4(2)3/h4H,(H-,1,2,3)/q+3",JIKNEWOHSWVEPB-UHFFFAOYSA-N
213,SO4 2–,250000000,8.397940009,14977-37-8,O=[S](=O)([O-])[O-],,,https://doi.org/10.1016/1359-0197(91)90065-A,"sulfide, disulfide",Sulfur-containing organics,"InChI=1S/H2O4S/c1-5(2,3)4/h(H2,1,2,3,4)/p-2",QAOWNCQODCNURD-UHFFFAOYSA-L
214,SO4 2–,170000000,8.230448921,14977-37-8,O=[S](=O)([O-])[O-],,,https://doi.org/10.1039/A907133D,"sulfide, disulfide",Sulfur-containing organics,"InChI=1S/H2O4S/c1-5(2,3)4/h(H2,1,2,3,4)/p-2",QAOWNCQODCNURD-UHFFFAOYSA-L
215,S2O8 2–,8800000,6.944482672,15092-81-6,O=[S](=O)([O-])OOS(=O)(=O)[O-],,,https://doi.org/10.1021/jp036211i,diol,Polyfunctional / highly functionalized,"InChI=1S/H2O8S2/c1-9(2,3)7-8-10(4,5)6/h(H,1,2,3)(H,4,5,6)/p-2",JRKICGRDRMAZLK-UHFFFAOYSA-L
216,CO3 2–,500000000,8.698970004,12172-98-4,O=[C+]([O-])[O-],,,https://doi.org/10.1016/1010-6030(94)03903-8,halogenated,Halogenated organics,,
217,HCO3 –,220000000,8.342422681,71-52-3,OC (=O)[O-],,,https://doi.org/10.1016/1010-6030(94)03903-8,alcohol,Oxygenated organics,"InChI=1S/CH2O3/c2-1(3)4/h(H2,2,3,4)/p-1",BVKZGUZCCUSVTD-UHFFFAOYSA-M
218,HCO3 –,2400000000,9.380211242,71-52-3,OC (=O)[O-],,,https://doi.org/10.1039/A907133D,alcohol,Oxygenated organics,"InChI=1S/CH2O3/c2-1(3)4/h(H2,2,3,4)/p-1",BVKZGUZCCUSVTD-UHFFFAOYSA-M
219,H2O2,4000000000,9.602059991,728912-55-8,OO,,,https://doi.org/10.5194/acp-6-2423-2,alcohol,Oxygenated organics,InChI=1S/H2O2/c1-2/h1-2H,MHAJPDPJQMAIIY-UHFFFAOYSA-N
220,H2O2,2000000000,9.301029996,728912-55-8,OO,,,https://doi.org/10.1021/jp0266648,alcohol,Oxygenated organics,InChI=1S/H2O2/c1-2/h1-2H,MHAJPDPJQMAIIY-UHFFFAOYSA-N
221,Fe2+,13000000000,10.11394335,15438-31-0,[Fe+2],,,https://doi.org/10.1016/1359-0197(87)90152-4,halogenated,Halogenated organics,InChI=1S/Fe/q+2,CWYNVVGOOAEACU-UHFFFAOYSA-N
222,NO3 –,100000000,8,133057-96-2,O=[N+]([O-])[O-],,,https://doi.org/10.1039/A907133D,amine,Nitrogen-containing organics,InChI=1S/NO3/c2-1(3)4/q-1,NHNBFGGVMKEFGY-UHFFFAOYSA-N
223,NO2 –,5000000000,9.698970004,13536-70-4,O=[N+]([O-]),,,https://doi.org/10.1039/A907133D,amine,Nitrogen-containing organics,InChI=1S/NO2/c2-1-3,JCXJVPUVTGWSNB-UHFFFAOYSA-N
224,OCN–,2200000000,9.342422681,22430-66-6,[O-]C#N,,,https://doi.org/10.1039/A907133D,halogenated,Halogenated organics,InChI=1S/CHNO/c2-1-3/h3H/p-1,XLJMAIOERFSOGZ-UHFFFAOYSA-M
225,SCN–,5300000000,9.72427587,2153478-57-8,[S-]C#N,,,https://doi.org/10.1039/A907133D,"sulfide, disulfide",Sulfur-containing organics,InChI=1S/CHNS/c2-1-3/h3H/p-1,ZMZDMBWJUHKJPS-UHFFFAOYSA-M
226,SCN–,5300000000,9.72427587,2153478-57-8,[S-]C#N,,,https://doi.org/10.1021/acs.est.9b02462,"sulfide, disulfide",Sulfur-containing organics,InChI=1S/CHNS/c2-1-3/h3H/p-1,ZMZDMBWJUHKJPS-UHFFFAOYSA-M
227,N3 –,5200000000,9.716003344,500306-84-3,[N-]=[N+]=[N],,,https://doi.org/10.1039/A907133D,amine,Nitrogen-containing organics,InChI=1S/N3/c1-3-2,DUAJIKVIRGATIW-UHFFFAOYSA-N
228,NH2Cl,500000000,8.698970004,10599-90-3,NCl,,,https://doi.org/10.1021/acs.est.9b01212,halogenated,Halogenated organics,InChI=1S/ClH2N/c1-2/h2H2,QDHHCQZDFGDHMP-UHFFFAOYSA-N
229,Methanol,1000000000,9,67-56-1,CO,6,,https://doi.org/10.1039/A907133D,halogenated,Halogenated organics,"InChI=1S/CH4O/c1-2/h2H,1H3",OKKJLVBELUTLKV-UHFFFAOYSA-N
230,Methanol,1000000000,9,67-56-1,CO,5.4,,https://doi.org/10.1039/B212666D,halogenated,Halogenated organics,"InChI=1S/CH4O/c1-2/h2H,1H3",OKKJLVBELUTLKV-UHFFFAOYSA-N
231,Methanol,9000000000,9.954242509,67-56-1,CO,7,,https://doi.org/10.1021/acs.est.9b02462,halogenated,Halogenated organics,"InChI=1S/CH4O/c1-2/h2H,1H3",OKKJLVBELUTLKV-UHFFFAOYSA-N
232,Ethanol,2250000000,9.352182518,8013-52-3,CCO,2,,https://doi.org/10.1039/F19888403319,alkane,Aliphatic hydrocarbons,"InChI=1S/C2H6O/c1-2-3/h3H,2H2,1H3",LFQSCWFLJHTTHZ-UHFFFAOYSA-N
233,Ethanol,1700000000,9.230448921,8013-52-3,CCO,6,,https://doi.org/10.1039/A907133D,alkane,Aliphatic hydrocarbons,"InChI=1S/C2H6O/c1-2-3/h3H,2H2,1H3",LFQSCWFLJHTTHZ-UHFFFAOYSA-N
234,Ethanol,2200000000,9.342422681,8013-52-3,CCO,5.4,,https://doi.org/10.1039/B212666D,alkane,Aliphatic hydrocarbons,"InChI=1S/C2H6O/c1-2-3/h3H,2H2,1H3",LFQSCWFLJHTTHZ-UHFFFAOYSA-N
235,1-Propanol,2200000000,9.342422681,61844-01-7,CCCO,5.4,,https://doi.org/10.1039/B212666D,alkane,Aliphatic hydrocarbons,"InChI=1S/C3H8O/c1-2-3-4/h4H,2-3H2,1H3",BDERNNFJNOPAEC-UHFFFAOYSA-N
236,2-Propanol,6000000000,9.77815125,72207-93-3,CC(C)O,,,https://doi.org/10.1016/1010-6030(94)03903-8,alkane,Aliphatic hydrocarbons,"InChI=1S/C3H8O/c1-3(2)4/h3-4H,1-2H3",KFZMGEQAYNKOFK-UHFFFAOYSA-N
237,2-Propanol,1500000000,9.176091259,72207-93-3,CC(C)O,6,,https://doi.org/10.1039/A907133D,alkane,Aliphatic hydrocarbons,"InChI=1S/C3H8O/c1-3(2)4/h3-4H,1-2H3",KFZMGEQAYNKOFK-UHFFFAOYSA-N
238,2-Propanol,3200000000,9.505149978,72207-93-3,CC(C)O,5.4,,https://doi.org/10.1039/B212666D,alkane,Aliphatic hydrocarbons,"InChI=1S/C3H8O/c1-3(2)4/h3-4H,1-2H3",KFZMGEQAYNKOFK-UHFFFAOYSA-N
239,2-Butanol,5000000000,9.698970004,14898-79-4,CCC(C)O,5.4,,https://doi.org/10.1039/B212666D,alkane,Aliphatic hydrocarbons,"InChI=1S/C4H10O/c1-3-4(2)5/h4-5H,3H2,1-2H3",BTANRVKWQNVYAZ-UHFFFAOYSA-N
240,tert-Butanol,2200000000,9.342422681,31061-75-3,CC(C)(C)O,2,,https://doi.org/10.1039/F19888403319,alkane,Aliphatic hydrocarbons,"InChI=1S/C4H10O/c1-4(2,3)5/h5H,1-3H3",DKGAVHZHDRPRBM-UHFFFAOYSA-N
241,tert-Butanol,300000000,8.477121255,31061-75-3,CC(C)(C)O,,,https://doi.org/10.1016/1010-6030(94)03903-8,alkane,Aliphatic hydrocarbons,"InChI=1S/C4H10O/c1-4(2,3)5/h5H,1-3H3",DKGAVHZHDRPRBM-UHFFFAOYSA-N
242,tert-Butanol,320000000,8.505149978,31061-75-3,CC(C)(C)O,6,,https://doi.org/10.1039/A907133D,alkane,Aliphatic hydrocarbons,"InChI=1S/C4H10O/c1-4(2,3)5/h5H,1-3H3",DKGAVHZHDRPRBM-UHFFFAOYSA-N
243,tert-Butanol,478000000,8.679427897,31061-75-3,CC(C)(C)O,6,,https://doi.org/10.1039/A907133D,alkane,Aliphatic hydrocarbons,"InChI=1S/C4H10O/c1-4(2,3)5/h5H,1-3H3",DKGAVHZHDRPRBM-UHFFFAOYSA-N
244,tert-Butanol,620000000,8.792391689,31061-75-3,CC(C)(C)O,6,,https://doi.org/10.1039/A907133D,alkane,Aliphatic hydrocarbons,"InChI=1S/C4H10O/c1-4(2,3)5/h5H,1-3H3",DKGAVHZHDRPRBM-UHFFFAOYSA-N
245,tert-Butanol,851000000,8.92992956,31061-75-3,CC(C)(C)O,6,,https://doi.org/10.1039/A907133D,alkane,Aliphatic hydrocarbons,"InChI=1S/C4H10O/c1-4(2,3)5/h5H,1-3H3",DKGAVHZHDRPRBM-UHFFFAOYSA-N
246,tert-Butanol,1500000000,9.176091259,31061-75-3,CC(C)(C)O,5.4,,https://doi.org/10.1039/B212666D,alkane,Aliphatic hydrocarbons,"InChI=1S/C4H10O/c1-4(2,3)5/h5H,1-3H3",DKGAVHZHDRPRBM-UHFFFAOYSA-N
247,Formaldehyde (hydrated),1400000000,9.146128036,463-79-6,O=C(O)O,6,,https://doi.org/10.1039/A907133D,halogenated,Halogenated organics,"InChI=1S/CH2O3/c2-1(3)4/h(H2,2,3,4)",BVKZGUZCCUSVTD-UHFFFAOYSA-N
248,Formaldehyde (hydrated),1700000000,9.230448921,463-79-6,O=C(O)O,5.4,,https://doi.org/10.1039/B212666D,halogenated,Halogenated organics,"InChI=1S/CH2O3/c2-1(3)4/h(H2,2,3,4)",BVKZGUZCCUSVTD-UHFFFAOYSA-N
249,Acetaldehyde,630000000,8.799340549,1632-98-0,CC=O,6,,https://doi.org/10.1039/A907133D,alkane,Aliphatic hydrocarbons,"InChI=1S/C2H4O/c1-2-3/h2H,1H3",IKHGUXGNUITLKF-UHFFFAOYSA-N
250,Acetone,5000000,6.698970004,96124-92-4,CC(=O)C,6,,https://doi.org/10.1039/A907133D,alkane,Aliphatic hydrocarbons,InChI=1S/C3H6O/c1-3(2)4/h1-2H3,CSCPPACGZOOCGX-UHFFFAOYSA-N
251,Acetone,78000000,7.892094603,96124-92-4,CC(=O)C,5.4,,https://doi.org/10.1039/B212666D,alkane,Aliphatic hydrocarbons,InChI=1S/C3H6O/c1-3(2)4/h1-2H3,CSCPPACGZOOCGX-UHFFFAOYSA-N
252,2-Butanone,240000000,8.380211242,101258-83-7,CCC(=O)C,5.4,,https://doi.org/10.1039/B212666D,alkane,Aliphatic hydrocarbons,"InChI=1S/C4H8O/c1-3-4(2)5/h3H2,1-2H3",ZWEHNKRNPOVVGH-UHFFFAOYSA-N
253,Formic acid,130000000,8.113943352,64-18-6,O=CO,1,,https://doi.org/10.1039/A907133D,halogenated,Halogenated organics,"InChI=1S/CH2O2/c2-1-3/h1H,(H,2,3)",BDAGIHXWWSANSR-UHFFFAOYSA-N
254,Formic acid,2800000000,9.447158031,64-18-6,O=CO,1,,https://doi.org/10.1039/B212666D,halogenated,Halogenated organics,"InChI=1S/CH2O2/c2-1-3/h1H,(H,2,3)",BDAGIHXWWSANSR-UHFFFAOYSA-N
255,Formate,4200000000,9.62324929,114609-31-3,C(=O)[O-],6,,https://doi.org/10.1039/A907133D,halogenated,Halogenated organics,"InChI=1S/CH2O2/c2-1-3/h1H,(H,2,3)/p-1",BDAGIHXWWSANSR-UHFFFAOYSA-M
256,Acetic acid,200000000,8.301029996,64-19-7,CC(=O)[O-].[H+],2,,https://doi.org/10.1039/F19888403319,alkane,Aliphatic hydrocarbons,"InChI=1S/C2H4O2/c1-2(3)4/h1H3,(H,3,4)",QTBSBXVTEAMEQO-UHFFFAOYSA-N
257,Acetic acid,32000000,7.505149978,64-19-7,CC(=O)[O-].[H+],1,,https://doi.org/10.1039/A907133D,alkane,Aliphatic hydrocarbons,"InChI=1S/C2H4O2/c1-2(3)4/h1H3,(H,3,4)",QTBSBXVTEAMEQO-UHFFFAOYSA-N
258,Acetic acid,100000000,8,64-19-7,CC(=O)[O-].[H+],1,,https://doi.org/10.1039/B212666D,alkane,Aliphatic hydrocarbons,"InChI=1S/C2H4O2/c1-2(3)4/h1H3,(H,3,4)",QTBSBXVTEAMEQO-UHFFFAOYSA-N
259,Acetate,3700000000,9.568201724,64392-62-7,CC(=O)[O-],6,,https://doi.org/10.1039/A907133D,alkane,Aliphatic hydrocarbons,"InChI=1S/C2H4O2/c1-2(3)4/h1H3,(H,3,4)/p-1",QTBSBXVTEAMEQO-UHFFFAOYSA-M
260,Propionic acid,800000000,8.903089987,79-09-4,CCC(O)=O,2,,https://doi.org/10.1039/F19888403319,alkane,Aliphatic hydrocarbons,"InChI=1S/C3H6O2/c1-2-3(4)5/h2H2,1H3,(H,4,5)",XBDQKXXYIPTUBI-UHFFFAOYSA-N
261,Propionic acid,1200000000,9.079181246,79-09-4,CCC(O)=O,1,,https://doi.org/10.1039/B212666D,alkane,Aliphatic hydrocarbons,"InChI=1S/C3H6O2/c1-2-3(4)5/h2H2,1H3,(H,4,5)",XBDQKXXYIPTUBI-UHFFFAOYSA-N
262,Isobutyric acid,1700000000,9.230448921,79-31-2,CC(C)C(=O)O,1,,https://doi.org/10.1039/B212666D,alkane,Aliphatic hydrocarbons,"InChI=1S/C4H8O2/c1-3(2)4(5)6/h3H,1-2H3,(H,5,6)",KQNPFQTWMSNSAP-UHFFFAOYSA-N
263,Diethyl ether,1300000000,9.113943352,8013-43-2,CCOCC,5.8,,https://doi.org/10.1039/B212666D,alcohol,Oxygenated organics,"InChI=1S/C4H10O/c1-3-5-4-2/h3-4H2,1-2H3",RTZKZFJDLAIYFH-UHFFFAOYSA-N
264,Methyl-tert-butyl ether,1300000000,9.113943352,1219795-06-8,CC(C)(C)OC,5.4,,https://doi.org/10.1039/B212666D,alcohol,Oxygenated organics,"InChI=1S/C5H12O/c1-5(2,3)6-4/h1-4H3",BZLVMXJERCGZMT-UHFFFAOYSA-N
265,Methyl formate,20000000,7.301029996,137847-51-9,COC=O,4,,https://doi.org/10.1039/b101932p,alcohol,Oxygenated organics,"InChI=1S/C2H4O2/c1-4-2-3/h2H,1H3",TZIHFWKZFHZASV-UHFFFAOYSA-N
266,Ethyl formate,72000000,7.857332496,73222-61-4,CCOC=O,4,,https://doi.org/10.1039/b101932p,alcohol,Oxygenated organics,"InChI=1S/C3H6O2/c1-2-5-3-4/h3H,2H2,1H3",WBJINCZRORDGAQ-UHFFFAOYSA-N
267,Methyl acetate,14000000,7.146128036,68683-25-0,CC(=O)OC,4,,https://doi.org/10.1039/b101932p,alcohol,Oxygenated organics,InChI=1S/C3H6O2/c1-3(4)5-2/h1-2H3,KXKVLQRXCPHEJC-UHFFFAOYSA-N
268,Ethyl acetate,80000000,7.903089987,62018-65-9,CCOC(=O)C,4,,https://doi.org/10.1039/b101932p,alcohol,Oxygenated organics,"InChI=1S/C4H8O2/c1-3-6-4(2)5/h3H2,1-2H3",XEKOWRVHYACXOJ-UHFFFAOYSA-N
269,Acetylacetone,2900000000,9.462397998,123-54-6,CC(=O)CC(C)=O,7,,https://doi.org/10.1021/acs.est.9b02462,alkane,Aliphatic hydrocarbons,"InChI=1S/C5H8O2/c1-4(6)3-5(2)7/h3H2,1-2H3",YRKCREAYFQTBPV-UHFFFAOYSA-N
270,"Fumaric acid, 3.03",3000000000,9.477121255,110-17-8,O=C(/C=C/C(O)=O)O,2,,https://doi.org/10.1039/F19888403319,diol,Polyfunctional / highly functionalized,"InChI=1S/C4H4O4/c5-3(6)1-2-4(7)8/h1-2H,(H,5,6)(H,7,8)/b2-1+",VZCYOOQTPOCHFL-OWOJBTEDSA-N
271,β-Cyclocitral,9580000000,9.981365509,432-25-7,CC1=C(C=O)C(C)(C)CCC1,7,,https://doi.org/10.1016/j.cej.2019.122659,cyclo,Aromatic & PAHs,"InChI=1S/C10H16O/c1-8-5-4-6-10(2,3)9(8)7-11/h7H,4-6H2,1-3H3",MOQGCGNUWBPGTQ-UHFFFAOYSA-N
272,"1,4-Dioxan",3000000000,9.477121255,1330756-20-1,C1COCCO1,,,https://doi.org/10.1039/C6EW00242K,alcohol,Oxygenated organics,InChI=1S/C4H8O2/c1-2-6-4-3-5-1/h1-4H2,RYHBNJHYFVUHQT-UHFFFAOYSA-N
273,"1,4-Dioxan",4380000,6.641474111,1330756-20-1,C1COCCO1,5.8,,https://doi.org/10.1021/acs.estlett.6b00444,alcohol,Oxygenated organics,InChI=1S/C4H8O2/c1-2-6-4-3-5-1/h1-4H2,RYHBNJHYFVUHQT-UHFFFAOYSA-N
274,Tetrahydrofuran,2600000000,9.414973348,131063-11-1,C1CCOC1,5.4,,https://doi.org/10.1039/A907133D,alcohol,Oxygenated organics,InChI=1S/C4H8O/c1-2-4-5-3-1/h1-4H2,WYURNTSHIVDZCO-UHFFFAOYSA-N
275,Methyl chloride,230000000,8.361727836,4285-42-1,CCl,5.4,,https://doi.org/10.1039/b101932p,alkane,Aliphatic hydrocarbons,InChI=1S/CH3Cl/c1-2/h1H3,NEHMKBQYUWJMIP-UHFFFAOYSA-N
276,Dichloromethane,4700000,6.672097858,143824-88-8,C(Cl)Cl,5.4,,https://doi.org/10.1039/b101932p,alkane,Aliphatic hydrocarbons,InChI=1S/CH2Cl2/c2-1-3/h1H2,YMWUJEATGCHHMB-UHFFFAOYSA-N
277,Dichloromethane,9300000,6.968482949,143824-88-8,C(Cl)Cl,5.4,,https://doi.org/10.1039/B212666D,alkane,Aliphatic hydrocarbons,InChI=1S/CH2Cl2/c2-1-3/h1H2,YMWUJEATGCHHMB-UHFFFAOYSA-N
278,Trichloromethane,230000000,8.361727836,90143-35-4,C(Cl)(Cl)Cl,5.4,,https://doi.org/10.1039/B212666D,alkane,Aliphatic hydrocarbons,InChI=1S/CHCl3/c2-1(3)4/h1H,HEDRZPFGACZZDS-UHFFFAOYSA-N
279,Trichloroethylene,190000000,8.278753601,39628-69-8,C(=C(Cl)Cl)Cl,,,https://doi.org/10.1021/es0607638,alkane,Aliphatic hydrocarbons,InChI=1S/C2HCl3/c3-1-2(4)5/h1H,XSTXAVWGXDQKEL-UHFFFAOYSA-N
280,Tetrachloroethylene,280000000,8.447158031,32781-46-7,C(=C(Cl)Cl)(Cl)Cl,,,https://doi.org/10.1016/1010-6030(94)03903-8,alkane,Aliphatic hydrocarbons,InChI=1S/C2Cl4/c3-1(4)2(5)6,CYTYCFOTNPOANT-UHFFFAOYSA-N
281,Chloroacetone,9700000,6.986771734,78-95-5,CC(=O)CCl,,,https://doi.org/10.2495/EURO991441,alkane,Aliphatic hydrocarbons,"InChI=1S/C3H5ClO/c1-3(5)2-4/h2H2,1H3",BULLHNJGPPOUOX-UHFFFAOYSA-N
282,Chloroacetone,11000000,7.041392685,78-95-5,CC(=O)CCl,6,,https://doi.org/10.1039/A907133D,alkane,Aliphatic hydrocarbons,"InChI=1S/C3H5ClO/c1-3(5)2-4/h2H2,1H3",BULLHNJGPPOUOX-UHFFFAOYSA-N
283,Chloroacetone,13000000,7.113943352,78-95-5,CC(=O)CCl,6,,https://doi.org/10.1039/A907133D,alkane,Aliphatic hydrocarbons,"InChI=1S/C3H5ClO/c1-3(5)2-4/h2H2,1H3",BULLHNJGPPOUOX-UHFFFAOYSA-N
284,Dimethyl sulfoxide,6300000000,9.799340549,67-68-5,CS(=O)C,5–6,,https://doi.org/10.1021/jp044306u,"sulfide, disulfide",Sulfur-containing organics,InChI=1S/C2H6OS/c1-4(2)3/h1-2H3,IAZDPXIOMUYVGZ-UHFFFAOYSA-N
285,Dimethyl sulfone,820000,5.913813852,67-71-0,CS(=O)(=O)C,5–6,,https://doi.org/10.1021/jp044306u,"sulfide, disulfide",Sulfur-containing organics,"InChI=1S/C2H6O2S/c1-5(2,3)4/h1-2H3",HHVIBTZHLRERCL-UHFFFAOYSA-N
286,Methanesulfonate,490000,5.69019608,91419-94-2,CS(=O)(=O)[O-],5–6,,https://doi.org/10.1021/jp044306u,"sulfide, disulfide",Sulfur-containing organics,"InChI=1S/CH4O3S/c1-5(2,3)4/h1H3,(H,2,3,4)/p-1",AFVFQIVMOAPDHO-UHFFFAOYSA-M
287,Benzene,12000000000,10.07918125,6998-50-1,C1=CC=CC=C1,2.5–3,,https://doi.org/10.1021/jp9929768,cyclo,Aromatic & PAHs,InChI=1S/C6H6/c1-2-4-6-5-3-1/h1-6H,UHOVQNZJYSORNB-UHFFFAOYSA-N
288,Toluene,18000000000,10.25527251,6933-23-9,CC1=CC=CC=C1,3–4,,https://doi.org/10.1021/jp004630z,cyclo,Aromatic & PAHs,"InChI=1S/C7H8/c1-7-5-3-2-4-6-7/h2-6H,1H3",YXFVVABEGXRONW-UHFFFAOYSA-N
289,Benzoic acid,18000000000,10.25527251,65-85-0,O=C(O)c1ccccc1,3–4,,https://doi.org/10.1021/jp004630z,benzene,Aromatic & PAHs,"InChI=1S/C7H6O2/c8-7(9)6-4-2-1-3-5-6/h1-5H,(H,8,9)",WPYMKLBDIGXBTP-UHFFFAOYSA-N
290,Benzoic acid,13500000000,10.13033377,65-85-0,O=C(O)c1ccccc1,7,,https://doi.org/10.1021/acs.est.9b02462,benzene,Aromatic & PAHs,"InChI=1S/C7H6O2/c8-7(9)6-4-2-1-3-5-6/h1-5H,(H,8,9)",WPYMKLBDIGXBTP-UHFFFAOYSA-N
291,Chlorobenzene,18000000000,10.25527251,12082-03-0,C1=CC=C(C=C1)Cl,3–4,,https://doi.org/10.1021/jp004630z,halogenated,Halogenated organics,InChI=1S/C6H5Cl/c7-6-4-2-1-3-5-6/h1-5H,MVPPADPHJFYWMZ-UHFFFAOYSA-N
292,Nitrobenzene,10100000000,10.00432137,89059-37-0,C1=CC=C(C=C1)[N+](=O)[O-],7,,https://doi.org/10.1021/acs.est.0c05596,halogenated,Halogenated organics,InChI=1S/C6H5NO2/c8-7(9)6-4-2-1-3-5-6/h1-5H,LQNUZADURLCDLV-UHFFFAOYSA-N
293,"TMB (1,3,5-Trimethoxybenzene)",13300000000,10.12385164,621-23-8,COc1cc(OC)cc(OC)c1,3,,https://doi.org/10.1021/acs.est.9b02462,alcohol,Oxygenated organics,"InChI=1S/C9H12O3/c1-10-7-4-8(11-2)6-9(5-7)12-3/h4-6H,1-3H3",LKUDPHPHKOZXCD-UHFFFAOYSA-N
294,"TMB (1,3,5-Trimethoxybenzene)",8300000000,9.919078092,621-23-8,COc1cc(OC)cc(OC)c1,3,,https://doi.org/10.1021/acs.est.9b02462,alcohol,Oxygenated organics,"InChI=1S/C9H12O3/c1-10-7-4-8(11-2)6-9(5-7)12-3/h4-6H,1-3H3",LKUDPHPHKOZXCD-UHFFFAOYSA-N
295,3-Methylbenzoate,1640000000,9.214843848,99-04-7,Cc1cccc(C(=O)O)c1,7.2,,https://doi.org/10.1021/acs.est.8b06896,cyclo,Aromatic & PAHs,"InChI=1S/C8H8O2/c1-6-3-2-4-7(5-6)8(9)10/h2-5H,1H3,(H,9,10)",GPSDUZXPYCFOSQ-UHFFFAOYSA-N
296,4-Fluorobenzoate,792000000,8.898725182,456-22-4,O=C(O)c1ccc(F)cc1,7.2,,https://doi.org/10.1021/acs.est.8b06896,benzene,Aromatic & PAHs,"InChI=1S/C7H5FO2/c8-6-3-1-5(2-4-6)7(9)10/h1-4H,(H,9,10)",BBYDXOIZLAWGSL-UHFFFAOYSA-N
297,2-Chlorobenzoate,600000000,8.77815125,16887-75-5,O=C([O-])c1ccccc1Cl,7.2,,https://doi.org/10.1021/acs.est.8b06896,benzene,Aromatic & PAHs,"InChI=1S/C7H5ClO2/c8-6-4-2-1-3-5(6)7(9)10/h1-4H,(H,9,10)/p-1",IKCLCGXPQILATA-UHFFFAOYSA-M
298,2-Iodobenzoate,385000000,8.58546073,16887-77-7,O=C([O-])c1ccccc1I,7.2,,https://doi.org/10.1021/acs.est.8b06896,benzene,Aromatic & PAHs,"InChI=1S/C7H5IO2/c8-6-4-2-1-3-5(6)7(9)10/h1-4H,(H,9,10)/p-1",CJNZAXGUTKBIHP-UHFFFAOYSA-M
299,3-Cyanobenzoate,63500000,7.802773725,1877-72-1,N#Cc1cccc(C(=O)O)c1,7.2,,https://doi.org/10.1021/acs.est.8b06896,cyclo,Aromatic & PAHs,"InChI=1S/C8H5NO2/c9-5-6-2-1-3-7(4-6)8(10)11/h1-4H,(H,10,11)",GYLKKXHEIIFTJH-UHFFFAOYSA-N
300,3-Nitrobenzoate,41800000,7.621176282,121-92-6,O=C(O)c1cccc([N+](=O)[O-])c1,7.2,,https://doi.org/10.1021/acs.est.8b06896,cyclo,Aromatic & PAHs,"InChI=1S/C7H5NO4/c9-7(10)5-2-1-3-6(4-5)8(11)12/h1-4H,(H,9,10)",AFPHTEQTJZKQAQ-UHFFFAOYSA-N
301,"2,4,6-Tribromoanisole",71400000000,10.85369821,1219795-33-1,COC1=C(C=C(C=C1Br)Br)Br,,,https://doi.org/10.1016/j.chemosphere.2021.133034,alcohol,Oxygenated organics,"InChI=1S/C7H5Br3O/c1-11-7-5(9)2-4(8)3-6(7)10/h2-3H,1H3",YXTRCOAFNXQTKL-UHFFFAOYSA-N
302,"2,4,6-Tribromophenol",55400000000,10.74350976,1097192-97-6,C1=C(C=C(C(=C1Br)O)Br)Br,,,https://doi.org/10.1016/j.chemosphere.2021.133034,halogenated,Halogenated organics,"InChI=1S/C6H3Br3O/c7-3-1-4(8)6(10)5(9)2-3/h1-2,10H",BSWWXRFVMJHFBN-UHFFFAOYSA-N
303,"2,4,6-Tribromophenolate",23600000000,10.372912,65800-38-6,C1=C(C=C(C(=C1Br)[O-])Br)Br,,,https://doi.org/10.1016/j.chemosphere.2021.133034,halogenated,Halogenated organics,"InChI=1S/C6H3Br3O/c7-3-1-4(8)6(10)5(9)2-3/h1-2,10H/p-1",BSWWXRFVMJHFBN-UHFFFAOYSA-M
304,Dimethyl phthalate,18100000000,10.25767857,198283-80-6,COC(=O)C1=CC=CC=C1C(=O)OC,7,,https://doi.org/10.1021/acs.est.9b02462,diol,Polyfunctional / highly functionalized,"InChI=1S/C10H10O4/c1-13-9(11)7-5-3-4-6-8(7)10(12)14-2/h3-6H,1-2H3",NIQCNGHVCWTJSM-UHFFFAOYSA-N
305,Dimethyl phthalate,18000000000,10.25527251,198283-80-6,COC(=O)C1=CC=CC=C1C(=O)OC,7,,https://doi.org/10.1016/j.cej.2019.122339,diol,Polyfunctional / highly functionalized,"InChI=1S/C10H10O4/c1-13-9(11)7-5-3-4-6-8(7)10(12)14-2/h3-6H,1-2H3",NIQCNGHVCWTJSM-UHFFFAOYSA-N
306,Diethyl phthalate,19700000000,10.29446623,1817006-92-0,CCOC(=O)C1=CC=CC=C1C(=O)OCC,7,,https://doi.org/10.1021/acs.est.9b02462,diol,Polyfunctional / highly functionalized,"InChI=1S/C12H14O4/c1-3-15-11(13)9-7-5-6-8-10(9)12(14)16-4-2/h5-8H,3-4H2,1-2H3",FLKPEMZONWLCSK-UHFFFAOYSA-N
307,Diethyl phthalate,20000000000,10.30103,1817006-92-0,CCOC(=O)C1=CC=CC=C1C(=O)OCC,7,,https://doi.org/10.1016/j.cej.2019.122339,diol,Polyfunctional / highly functionalized,"InChI=1S/C12H14O4/c1-3-15-11(13)9-7-5-6-8-10(9)12(14)16-4-2/h5-8H,3-4H2,1-2H3",FLKPEMZONWLCSK-UHFFFAOYSA-N
308,Dibutyl phthalate,19600000000,10.29225607,93952-11-5,CCCCOC(=O)C1=CC=CC=C1C(=O)OCCCC,7,,https://doi.org/10.1021/acs.est.9b02462,diol,Polyfunctional / highly functionalized,"InChI=1S/C16H22O4/c1-3-5-11-19-15(17)13-9-7-8-10-14(13)16(18)20-12-6-4-2/h7-10H,3-6,11-12H2,1-2H3",DOIRQSBPFJWKBE-UHFFFAOYSA-N
309,Dibutyl phthalate,20000000000,10.30103,93952-11-5,CCCCOC(=O)C1=CC=CC=C1C(=O)OCCCC,7,,https://doi.org/10.1016/j.cej.2019.122339,diol,Polyfunctional / highly functionalized,"InChI=1S/C16H22O4/c1-3-5-11-19-15(17)13-9-7-8-10-14(13)16(18)20-12-6-4-2/h7-10H,3-6,11-12H2,1-2H3",DOIRQSBPFJWKBE-UHFFFAOYSA-N
310,Aniline,40000000000,10.60205999,62-53-3,Nc1ccccc1,,,NIST,benzene,Aromatic & PAHs,"InChI=1S/C6H7N/c7-6-4-2-1-3-5-6/h1-5H,7H2",PAYRUJLWNCNPSJ-UHFFFAOYSA-N
311,Aniline,27400000000,10.43775056,62-53-3,Nc1ccccc1,7,,https://doi.org/10.1021/acs.est.9b02462,benzene,Aromatic & PAHs,"InChI=1S/C6H7N/c7-6-4-2-1-3-5-6/h1-5H,7H2",PAYRUJLWNCNPSJ-UHFFFAOYSA-N
312,p-Toluidine,27300000000,10.43616265,40825-60-3,CC1=CC=C(C=C1)N,7,,https://doi.org/10.1021/acs.est.9b02462,alkane,Aliphatic hydrocarbons,"InChI=1S/C7H9N/c1-6-2-4-7(8)5-3-6/h2-5H,8H2,1H3",RZXMPPFPUUCRFN-UHFFFAOYSA-N
313,4-Chloroaniline,21700000000,10.33645973,106-47-8,Nc1ccc(Cl)cc1,7,,https://doi.org/10.1021/acs.est.9b02462,benzene,Aromatic & PAHs,"InChI=1S/C6H6ClN/c7-5-1-3-6(8)4-2-5/h1-4H,8H2",QSNSCYSYFYORTR-UHFFFAOYSA-N
314,Phenol,1400000000,9.146128036,108-95-2,Oc1ccccc1,,,https://doi.org/10.1021/es1010225,alcohol,Oxygenated organics,"InChI=1S/C6H6O/c7-6-4-2-1-3-5-6/h1-5,7H",ISWSIDIOOBJBQZ-UHFFFAOYSA-N
315,Phenol,11200000000,10.04921802,108-95-2,Oc1ccccc1,7,,https://doi.org/10.1021/acs.est.9b02462,alcohol,Oxygenated organics,"InChI=1S/C6H6O/c7-6-4-2-1-3-5-6/h1-5,7H",ISWSIDIOOBJBQZ-UHFFFAOYSA-N
316,Phenol,9000000000,9.954242509,108-95-2,Oc1ccccc1,7,,https://doi.org/10.1021/acs.est.9b02462,alcohol,Oxygenated organics,"InChI=1S/C6H6O/c7-6-4-2-1-3-5-6/h1-5,7H",ISWSIDIOOBJBQZ-UHFFFAOYSA-N
317,Phenolate,9600000000,9.982271233,31061-59-3,C1=CC=C(C=C1)[O-],,,https://doi.org/10.1021/es1010225,halogenated,Halogenated organics,"InChI=1S/C6H6O/c7-6-4-2-1-3-5-6/h1-5,7H/p-1",ISWSIDIOOBJBQZ-UHFFFAOYSA-M
318,p-Cresol,18100000000,10.25767857,106-44-5,Cc1ccc(O)cc1,,,NIST,benzene,Aromatic & PAHs,"InChI=1S/C7H8O/c1-6-2-4-7(8)5-3-6/h2-5,8H,1H3",IWDCLRJOBJJRNH-UHFFFAOYSA-N
319,Nonylphenol,10000000000,10,84852-15-3,CCCCCCCCCC1=CC=CC=C1O,7,,https://doi.org/10.1021/acs.est.9b02462,cyclo,Aromatic & PAHs,"InChI=1S/C15H24O/c1-2-3-4-5-6-7-8-11-14-12-9-10-13-15(14)16/h9-10,12-13,16H,2-8,11H2,1H3",SNQQPOLDUKLAAF-UHFFFAOYSA-N
320,Bisphenol A,18200000000,10.26007139,68440-77-7,CC(C)(C1=CC=C(C=C1)O)C2=CC=C(C=C2)O,7,,https://doi.org/10.1021/acs.est.9b02462,alkane,Aliphatic hydrocarbons,"InChI=1S/C15H16O2/c1-15(2,11-3-7-13(16)8-4-11)12-5-9-14(17)10-6-12/h3-10,16-17H,1-2H3",IISBACLAFKSPIT-UHFFFAOYSA-N
321,Bisphenol A,14500000000,10.161368,68440-77-7,CC(C)(C1=CC=C(C=C1)O)C2=CC=C(C=C2)O,7,,NIST,alkane,Aliphatic hydrocarbons,"InChI=1S/C15H16O2/c1-15(2,11-3-7-13(16)8-4-11)12-5-9-14(17)10-6-12/h3-10,16-17H,1-2H3",IISBACLAFKSPIT-UHFFFAOYSA-N
322,"Tyrosine, 2.2",11500000000,10.06069784,60-18-4,NC(Cc1ccc(O)cc1)C(=O)O,7,,https://doi.org/10.1021/acs.est.0c05596,halogenated,Halogenated organics,"InChI=1S/C9H11NO3/c10-8(9(12)13)5-6-1-3-7(11)4-2-6/h1-4,8,11H,5,10H2,(H,12,13)",OUYCCCASQSFEME-UHFFFAOYSA-N
323,Catechol,28200000000,10.45024911,82869-32-7,C1=CC=C(C(=C1)O)O,7,,https://doi.org/10.1021/acs.est.9b02462,halogenated,Halogenated organics,"InChI=1S/C6H6O2/c7-5-3-1-2-4-6(5)8/h1-4,7-8H",YCIMNLLNPGFGHC-UHFFFAOYSA-N
324,Resorcinol,14000000000,10.14612804,751455-55-7,C1=CC(=CC(=C1)O)O,7.5,,https://doi.org/10.1016/j.jhazmat.2021.126813,halogenated,Halogenated organics,"InChI=1S/C6H6O2/c7-5-2-1-3-6(8)4-5/h1-4,7-8H",GHMLBKRAJCXXBS-UHFFFAOYSA-N
325,4-Methylcatechol,24900000000,10.39619935,1219803-18-5,CC1=CC(=C(C=C1)O)O,7,,https://doi.org/10.1021/acs.est.9b02462,alkane,Aliphatic hydrocarbons,"InChI=1S/C7H8O2/c1-5-2-3-6(8)7(9)4-5/h2-4,8-9H,1H3",ZBCATMYQYDCTIZ-UHFFFAOYSA-N
326,"Gallic acid, 4.5",18300000000,10.26245109,149-91-7,O=C(C1=CC(O)=C(O)C(O)=C1)O,7,,https://doi.org/10.1021/acs.est.9b02462,halogenated,Halogenated organics,"InChI=1S/C7H6O5/c8-4-1-3(7(11)12)2-5(9)6(4)10/h1-2,8-10H,(H,11,12)",LNTHITQWFMADLM-UHFFFAOYSA-N
327,Pyrimidine,500000000,8.698970004,767-79-3,C1=CN=CN=C1,7,,https://doi.org/10.1021/acs.est.9b02462,cyclo,Aromatic & PAHs,InChI=1S/C4H4N2/c1-2-5-4-6-3-1/h1-4H,CZPWVGJYEJSRLH-UHFFFAOYSA-N
328,Quinoline,12000000000,10.07918125,264920-37-8,C1=CC=C2C(=C1)C=CC=N2,,,https://doi.org/10.1021/ja00041a015,halogenated,Halogenated organics,InChI=1S/C9H7N/c1-2-6-9-8(4-1)5-3-7-10-9/h1-7H,SMWDFEZZVXVKRB-UHFFFAOYSA-N
329,Cafeine,14600000000,10.16435286,95789-13-2,CN1C=NC2=C1C(=O)N(C(=O)N2C)C,7,,https://doi.org/10.1021/acs.est.6b02287,halogenated,Halogenated organics,"InChI=1S/C8H10N4O2/c1-10-4-9-6-5(10)7(13)12(3)8(14)11(6)2/h4H,1-3H3",RYYVLZVUVIJVGH-UHFFFAOYSA-N
330,Cafeine,38700000000,10.58771097,95789-13-2,CN1C=NC2=C1C(=O)N(C(=O)N2C)C,7,,https://doi.org/10.1021/acs.est.9b02462,halogenated,Halogenated organics,"InChI=1S/C8H10N4O2/c1-10-4-9-6-5(10)7(13)12(3)8(14)11(6)2/h4H,1-3H3",RYYVLZVUVIJVGH-UHFFFAOYSA-N
331,Xanthine,38100000000,10.58092498,69-89-6,C1=NC2=C(N1)C(=O)NC(=O)N2,7,,https://doi.org/10.1021/acs.est.9b02462,halogenated,Halogenated organics,"InChI=1S/C5H4N4O2/c10-4-2-3(7-1-6-2)8-5(11)9-4/h1H,(H3,6,7,8,9,10,11)",LRFVTYWOQMYALW-UHFFFAOYSA-N
332,Theophylline,39800000000,10.59988307,28384-81-8,CN1C2=C(C(=O)N(C1=O)C)NC=N2,7,,https://doi.org/10.1021/acs.est.9b02462,halogenated,Halogenated organics,"InChI=1S/C7H8N4O2/c1-10-5-4(8-3-9-5)6(12)11(2)7(10)13/h3H,1-2H3,(H,8,9)",ZFXYFBGIUFBOJW-UHFFFAOYSA-N
333,DEET,3800000000,9.579783597,72236-23-8,CCN(CC)C(=O)C1=CC=CC(=C1)C,7,,https://doi.org/10.1021/acs.est.6b02287,alkane,Aliphatic hydrocarbons,"InChI=1S/C12H17NO/c1-4-13(5-2)12(14)11-8-6-7-10(3)9-11/h6-9H,4-5H2,1-3H3",MMOXZBCLCQITDF-UHFFFAOYSA-N
334,Mecoprop,10800000000,10.03342376,37341-10-9,CC1=C(C=CC(=C1)Cl)OC(C)C(=O)O,7,,https://doi.org/10.1016/j.watres.2020.115784,alcohol,Oxygenated organics,"InChI=1S/C10H11ClO3/c1-6-5-8(11)3-4-9(6)14-7(2)10(12)13/h3-5,7H,1-2H3,(H,12,13)",WNTGYJSOUMFZEP-UHFFFAOYSA-N
335,Fluconazole,5500000000,9.740362689,1609495-95-5,C1=CC(=C(C=C1F)F)C(CN2C=NC=N2)(CN3C=NC=N3)O,7,,https://doi.org/10.1016/j.cej.2020.126224,halogenated,Halogenated organics,"InChI=1S/C13H12F2N6O/c14-10-1-2-11(12(15)3-10)13(22,4-20-8-16-6-18-20)5-21-9-17-7-19-21/h1-3,6-9,22H,4-5H2",RFHAOTPXVQNOHP-UHFFFAOYSA-N
336,Climbazole,63000000000,10.79934055,1185117-79-6,CC(C)(C)C(=O)C(N1C=CN=C1)OC2=CC=C(C=C2)Cl,7,,https://doi.org/10.1016/j.cej.2020.126224,alcohol,Oxygenated organics,"InChI=1S/C15H17ClN2O2/c1-15(2,3)13(19)14(18-9-8-17-10-18)20-12-6-4-11(16)5-7-12/h4-10,14H,1-3H3",OWEGWHBOCFMBLP-UHFFFAOYSA-N
337,Atrazine,6870000000,9.836956737,163165-75-1,CCNC1=NC(=NC(=N1)Cl)NC(C)C,7,,https://doi.org/10.1016/j.watres.2020.115784,alkane,Aliphatic hydrocarbons,"InChI=1S/C8H14ClN5/c1-4-10-7-12-6(9)13-8(14-7)11-5(2)3/h5H,4H2,1-3H3,(H2,10,11,12,13,14)",MXWJVTOOROXGIU-UHFFFAOYSA-N
338,"Triclosan, 7.8–8.14",27600000000,10.44090908,3380-34-5,Oc1cc(Cl)ccc1Oc1ccc(Cl)cc1Cl,7,,https://doi.org/10.1021/acs.est.9b02462,diol,Polyfunctional / highly functionalized,"InChI=1S/C12H7Cl3O2/c13-7-1-3-11(9(15)5-7)17-12-4-2-8(14)6-10(12)16/h1-6,16H",XEFQLINVKFYRCS-UHFFFAOYSA-N
339,6-Aminopenicillanic acid,3400000000,9.531478917,551-16-6,CC1(C)SC2C(N)C(=O)N2C1C(=O)O,7,,https://doi.org/10.1021/acs.est.9b02462,"sulfide, disulfide",Sulfur-containing organics,"InChI=1S/C8H12N2O3S/c1-8(2)4(7(12)13)10-5(11)3(9)6(10)14-8/h3-4,6H,9H2,1-2H3,(H,12,13)",NGHVIOIJCVXTGV-UHFFFAOYSA-N
340,"Amoxicilin, 2.6",12700000000,10.10380372,26787-78-0,CC1(C)SC2C(NC(=O)C(N)c3ccc(O)cc3)C(=O)N2C1C(=O)O,7,,https://doi.org/10.1021/acs.est.9b02462,"sulfide, disulfide",Sulfur-containing organics,"InChI=1S/C16H19N3O5S/c1-16(2)11(15(23)24)19-13(22)10(14(19)25-16)18-12(21)9(17)7-3-5-8(20)6-4-7/h3-6,9-11,14,20H,17H2,1-2H3,(H,18,21)(H,23,24)",LSQZJLSUYDQPKJ-UHFFFAOYSA-N
341,"Amoxicilin, 2.6",7900000000,9.897627091,26787-78-0,CC1(C)SC2C(NC(=O)C(N)c3ccc(O)cc3)C(=O)N2C1C(=O)O,7,,https://doi.org/10.1021/acs.est.9b02462,"sulfide, disulfide",Sulfur-containing organics,"InChI=1S/C16H19N3O5S/c1-16(2)11(15(23)24)19-13(22)10(14(19)25-16)18-12(21)9(17)7-3-5-8(20)6-4-7/h3-6,9-11,14,20H,17H2,1-2H3,(H,18,21)(H,23,24)",LSQZJLSUYDQPKJ-UHFFFAOYSA-N
342,Penicillin G,12500000000,10.09691001,61-33-6,CC1(C)SC2C(NC(=O)Cc3ccccc3)C(=O)N2C1C(=O)O,7,,https://doi.org/10.1021/acs.est.9b02462,"sulfide, disulfide",Sulfur-containing organics,"InChI=1S/C16H18N2O4S/c1-16(2)12(15(21)22)18-13(20)11(14(18)23-16)17-10(19)8-9-6-4-3-5-7-9/h3-7,11-12,14H,8H2,1-2H3,(H,17,19)(H,21,22)",JGSARLDLIJGVTE-UHFFFAOYSA-N
343,Penicillin V,13100000000,10.1172713,87-08-1,CC1(C)SC2C(NC(=O)COc3ccccc3)C(=O)N2C1C(=O)O,7,,https://doi.org/10.1021/acs.est.9b02462,"sulfide, disulfide",Sulfur-containing organics,"InChI=1S/C16H18N2O5S/c1-16(2)12(15(21)22)18-13(20)11(14(18)24-16)17-10(19)8-23-9-6-4-3-5-7-9/h3-7,11-12,14H,8H2,1-2H3,(H,17,19)(H,21,22)",BPLBGHOLXOTWMN-UHFFFAOYSA-N
344,7-Aminocephalosporanic acid,11400000000,10.05690485,957-68-6,CC(=O)OCC1=C(C(=O)O)N2C(=O)C(N)C2SC1,7,,https://doi.org/10.1021/acs.est.9b02462,"sulfide, disulfide",Sulfur-containing organics,"InChI=1S/C10H12N2O5S/c1-4(13)17-2-5-3-18-9-6(11)8(14)12(9)7(5)10(15)16/h6,9H,2-3,11H2,1H3,(H,15,16)",HSHGZXNAXBPPDL-UHFFFAOYSA-N
345,Cefotaxime,23000000000,10.36172784,63527-52-6,CON=C(C(=O)NC1C(=O)N2C(C(=O)O)=C(COC(C)=O)CSC12)c1csc(N)n1,7,,https://doi.org/10.1021/acs.est.9b02462,diol,Polyfunctional / highly functionalized,"InChI=1S/C16H17N5O7S2/c1-6(22)28-3-7-4-29-14-10(13(24)21(14)11(7)15(25)26)19-12(23)9(20-27-2)8-5-30-16(17)18-8/h5,10,14H,3-4H2,1-2H3,(H2,17,18)(H,19,23)(H,25,26)",GPRBEKHLDVQUJE-UHFFFAOYSA-N
346,"Cephalexin, 2.6",21700000000,10.33645973,15686-71-2,CC1=C(C(=O)O)N2C(=O)C(NC(=O)C(N)c3ccccc3)C2SC1,7,,https://doi.org/10.1021/acs.est.9b02462,"sulfide, disulfide",Sulfur-containing organics,"InChI=1S/C16H17N3O4S/c1-8-7-24-15-11(14(21)19(15)12(8)16(22)23)18-13(20)10(17)9-5-3-2-4-6-9/h2-6,10-11,15H,7,17H2,1H3,(H,18,20)(H,22,23)",ZAIPMKNFIOOWCQ-UHFFFAOYSA-N
347,Cefaclor,15900000000,10.20139712,53994-73-3,NC(C(=O)NC1C(=O)N2C(C(=O)O)=C(Cl)CSC12)c1ccccc1,7,,https://doi.org/10.1021/acs.est.9b02462,"sulfide, disulfide",Sulfur-containing organics,"InChI=1S/C15H14ClN3O4S/c16-8-6-24-14-10(13(21)19(14)11(8)15(22)23)18-12(20)9(17)7-4-2-1-3-5-7/h1-5,9-10,14H,6,17H2,(H,18,20)(H,22,23)",QYIYFLOTGYLRGG-UHFFFAOYSA-N
348,"Ciprofoxacin, 6.1",13900000000,10.1430148,85721-33-1,O=C(O)c1cn(C2CC2)c2cc(N3CCNCC3)c(F)cc2c1=O,7,,https://doi.org/10.1021/acs.est.9b02462,benzene,Aromatic & PAHs,"InChI=1S/C17H18FN3O3/c18-13-7-11-14(8-15(13)20-5-3-19-4-6-20)21(10-1-2-10)9-12(16(11)22)17(23)24/h7-10,19H,1-6H2,(H,23,24)",MYSWGUAQZAJSOK-UHFFFAOYSA-N
349,"Enrofoxacin, 6.2",15300000000,10.18469143,93106-60-6,CCN1CCN(c2cc3c(cc2F)c(=O)c(C(=O)O)cn3C2CC2)CC1,7,,https://doi.org/10.1021/acs.est.9b02462,cyclo,Aromatic & PAHs,"InChI=1S/C19H22FN3O3/c1-2-21-5-7-22(8-6-21)17-10-16-13(9-15(17)20)18(24)14(19(25)26)11-23(16)12-3-4-12/h9-12H,2-8H2,1H3,(H,25,26)",SPFYMRJSYKOXGV-UHFFFAOYSA-N
350,Ofoxacin,15400000000,10.18752072,82419-36-1,CC1COc2c(N3CCN(C)CC3)c(F)cc3c(=O)c(C(=O)O)cn1c23,7,,https://doi.org/10.1021/acs.est.9b02462,alcohol,Oxygenated organics,"InChI=1S/C18H20FN3O4/c1-10-9-26-17-14-11(16(23)12(18(24)25)8-22(10)14)7-13(19)15(17)21-5-3-20(2)4-6-21/h7-8,10H,3-6,9H2,1-2H3,(H,24,25)",GSDSWSVVBLHKDQ-UHFFFAOYSA-N
351,Flumequine,7700000000,9.886490725,42835-25-6,CC1CCc2cc(F)cc3c(=O)c(C(=O)O)cn1c23,7,,https://doi.org/10.1021/acs.est.9b02462,cyclo,Aromatic & PAHs,"InChI=1S/C14H12FNO3/c1-7-2-3-8-4-9(15)5-10-12(8)16(7)6-11(13(10)17)14(18)19/h4-7H,2-3H2,1H3,(H,18,19)",DPSPPJIUMHPXMA-UHFFFAOYSA-N
352,Azithromycin,7800000000,9.892094603,83905-01-5,CCC1OC(=O)C(C)C(OC2CC(C)(OC)C(O)C(C)O2)C(C)C(OC2OC(C)CC(N(C)C)C2O)C(C)(O)CC(C)CN(C)C(C)C(O)C1(C)O,7,,https://doi.org/10.1021/acs.est.9b02462,diol,Polyfunctional / highly functionalized,"InChI=1S/C38H72N2O12/c1-15-27-38(10,46)31(42)24(6)40(13)19-20(2)17-36(8,45)33(52-35-29(41)26(39(11)12)16-21(3)48-35)22(4)30(23(5)34(44)50-27)51-28-18-37(9,47-14)32(43)25(7)49-28/h20-33,35,41-43,45-46H,15-19H2,1-14H3",MQTOSJVFKKJCRP-UHFFFAOYSA-N
353,Azithromycin,8300000000,9.919078092,83905-01-5,CCC1OC(=O)C(C)C(OC2CC(C)(OC)C(O)C(C)O2)C(C)C(OC2OC(C)CC(N(C)C)C2O)C(C)(O)CC(C)CN(C)C(C)C(O)C1(C)O,7,,https://doi.org/10.1021/acs.est.9b02462,diol,Polyfunctional / highly functionalized,"InChI=1S/C38H72N2O12/c1-15-27-38(10,46)31(42)24(6)40(13)19-20(2)17-36(8,45)33(52-35-29(41)26(39(11)12)16-21(3)48-35)22(4)30(23(5)34(44)50-27)51-28-18-37(9,47-14)32(43)25(7)49-28/h20-33,35,41-43,45-46H,15-19H2,1-14H3",MQTOSJVFKKJCRP-UHFFFAOYSA-N
354,Erythromycin,6800000000,9.832508913,114-07-8,C[C@@H]([C@@H]([C@H](C(O[C@@H]([C@@]([C@H](O)[C@@H](C)C1=O)(C)O)CC)=O)C)O[C@H]2C[C@]([C@@H](O)[C@H](C)O2)(OC)C)[C@H]([C@](C)(O)C[C@H]1C)O[C@H](O[C@@H](C[C@@H]3N(C)C)C)[C@@H]3O,7,,https://doi.org/10.1021/acs.est.9b02462,diol,Polyfunctional / highly functionalized,"InChI=1S/C37H67NO13/c1-14-25-37(10,45)30(41)20(4)27(39)18(2)16-35(8,44)32(51-34-28(40)24(38(11)12)15-19(3)47-34)21(5)29(22(6)33(43)49-25)50-26-17-36(9,46-13)31(42)23(7)48-26/h18-26,28-32,34,40-42,44-45H,14-17H2,1-13H3/t18-,19-,20+,21+,22-,23+,24+,25-,26+,28-,29+,30-,31+,32-,34+,35-,36-,37-/m1/s1",ULGZDMOVFRHVEP-RWJQBGPGSA-N
355,Erythromycin,7000000000,9.84509804,114-07-8,C[C@@H]([C@@H]([C@H](C(O[C@@H]([C@@]([C@H](O)[C@@H](C)C1=O)(C)O)CC)=O)C)O[C@H]2C[C@]([C@@H](O)[C@H](C)O2)(OC)C)[C@H]([C@](C)(O)C[C@H]1C)O[C@H](O[C@@H](C[C@@H]3N(C)C)C)[C@@H]3O,7,,https://doi.org/10.1021/acs.est.9b02462,diol,Polyfunctional / highly functionalized,"InChI=1S/C37H67NO13/c1-14-25-37(10,45)30(41)20(4)27(39)18(2)16-35(8,44)32(51-34-28(40)24(38(11)12)15-19(3)47-34)21(5)29(22(6)33(43)49-25)50-26-17-36(9,46-13)31(42)23(7)48-26/h18-26,28-32,34,40-42,44-45H,14-17H2,1-13H3/t18-,19-,20+,21+,22-,23+,24+,25-,26+,28-,29+,30-,31+,32-,34+,35-,36-,37-/m1/s1",ULGZDMOVFRHVEP-RWJQBGPGSA-N
356,Roxithromycin,7200000000,9.857332496,80214-83-1,CCC1OC(=O)C(C)C(OC2CC(C)(OC)C(O)C(C)O2)C(C)C(OC2OC(C)CC(N(C)C)C2O)C(C)(O)CC(C)C(=NOCOCCOC)C(C)C(O)C1(C)O,7,,https://doi.org/10.1021/acs.est.9b02462,diol,Polyfunctional / highly functionalized,"InChI=1S/C41H76N2O15/c1-15-29-41(10,49)34(45)24(4)31(42-53-21-52-17-16-50-13)22(2)19-39(8,48)36(58-38-32(44)28(43(11)12)18-23(3)54-38)25(5)33(26(6)37(47)56-29)57-30-20-40(9,51-14)35(46)27(7)55-30/h22-30,32-36,38,44-46,48-49H,15-21H2,1-14H3",RXZBMPWDPOLZGW-UHFFFAOYSA-N
357,Dimetridazole,4200000000,9.62324929,551-92-8,Cc1ncc([N+](=O)[O-])n1C,7,,https://doi.org/10.1021/acs.est.9b02462,alkane,Aliphatic hydrocarbons,"InChI=1S/C5H7N3O2/c1-4-6-3-5(7(4)2)8(9)10/h3H,1-2H3",IBXPYPUJPLLOIN-UHFFFAOYSA-N
358,Metronidazole,5640000000,9.751279104,443-48-1,Cc1ncc([N+](=O)[O-])n1CCO,7,,https://doi.org/10.1016/j.chemosphere.2019.02.081,alkane,Aliphatic hydrocarbons,"InChI=1S/C6H9N3O3/c1-5-7-4-6(9(11)12)8(5)2-3-10/h4,10H,2-3H2,1H3",VAOCPAMSLUNLGC-UHFFFAOYSA-N
359,Metronidazole,3100000000,9.491361694,443-48-1,Cc1ncc([N+](=O)[O-])n1CCO,7,,https://doi.org/10.1021/acs.est.9b02462,alkane,Aliphatic hydrocarbons,"InChI=1S/C6H9N3O3/c1-5-7-4-6(9(11)12)8(5)2-3-10/h4,10H,2-3H2,1H3",VAOCPAMSLUNLGC-UHFFFAOYSA-N
360,"Sulfanilamide, 2.0",31200000000,10.49415459,63-74-1,Nc1ccc(S(N)(=O)=O)cc1,7,,https://doi.org/10.1021/acs.est.9b02462,cyclo,Aromatic & PAHs,"InChI=1S/C6H8N2O2S/c7-5-1-3-6(4-2-5)11(8,9)10/h1-4H,7H2,(H2,8,9,10)",FDDDEECHVMSUSB-UHFFFAOYSA-N
361,"Sulfadimethoxine, 2.9",40800000000,10.61066016,122-11-2,COc1cc(NS(=O)(=O)c2ccc(N)cc2)nc(OC)n1,7,,https://doi.org/10.1021/acs.est.9b02462,alcohol,Oxygenated organics,"InChI=1S/C12H14N4O4S/c1-19-11-7-10(14-12(15-11)20-2)16-21(17,18)9-5-3-8(13)4-6-9/h3-7H,13H2,1-2H3,(H,14,15,16)",ZZORFUFYDOWNEF-UHFFFAOYSA-N
362,"Sulfadiazine, 2.1",33500000000,10.52504481,68-35-9,Nc1ccc(S(=O)(=O)Nc2ncccn2)cc1,7,,https://doi.org/10.1021/acs.est.9b02462,cyclo,Aromatic & PAHs,"InChI=1S/C10H10N4O2S/c11-8-2-4-9(5-3-8)17(15,16)14-10-12-6-1-7-13-10/h1-7H,11H2,(H,12,13,14)",SEEPANYCNGTZFQ-UHFFFAOYSA-N
363,"Sulfamethazine, 2.6",32100000000,10.50650503,57-68-1,Cc1cc(C)nc(NS(=O)(=O)c2ccc(N)cc2)n1,7,,https://doi.org/10.1021/acs.est.9b02462,benzene,Aromatic & PAHs,"InChI=1S/C12H14N4O2S/c1-8-7-9(2)15-12(14-8)16-19(17,18)11-5-3-10(13)4-6-11/h3-7H,13H2,1-2H3,(H,14,15,16)",ASWVTGNCAZCNNR-UHFFFAOYSA-N
364,"Sulfamethoxazole, 1.6",5400000000,9.73239376,723-46-6,Cc1cc(NS(=O)(=O)c2ccc(N)cc2)no1,,,https://doi.org/10.1007/s11356-017-0461-9,benzene,Aromatic & PAHs,"InChI=1S/C10H11N3O3S/c1-7-6-10(12-16-7)13-17(14,15)9-4-2-8(11)3-5-9/h2-6H,11H2,1H3,(H,12,13)",JLKIGFTWXXRPMT-UHFFFAOYSA-N
365,"Sulfamethoxazole, 1.6",34000000000,10.53147892,723-46-6,Cc1cc(NS(=O)(=O)c2ccc(N)cc2)no1,7,,https://doi.org/10.1021/acs.est.9b00749,benzene,Aromatic & PAHs,"InChI=1S/C10H11N3O3S/c1-7-6-10(12-16-7)13-17(14,15)9-4-2-8(11)3-5-9/h2-6H,11H2,1H3,(H,12,13)",JLKIGFTWXXRPMT-UHFFFAOYSA-N
366,"Sulfamethoxazole, 1.6",36400000000,10.56110138,723-46-6,Cc1cc(NS(=O)(=O)c2ccc(N)cc2)no1,7,,https://doi.org/10.1021/acs.est.9b02462,benzene,Aromatic & PAHs,"InChI=1S/C10H11N3O3S/c1-7-6-10(12-16-7)13-17(14,15)9-4-2-8(11)3-5-9/h2-6H,11H2,1H3,(H,12,13)",JLKIGFTWXXRPMT-UHFFFAOYSA-N
367,"Sulfathiazole, 2.2",37800000000,10.5774918,72-14-0,Nc1ccc(S(=O)(=O)Nc2nccs2)cc1,7,,https://doi.org/10.1021/acs.est.9b02462,"sulfide, disulfide",Sulfur-containing organics,"InChI=1S/C9H9N3O2S2/c10-7-1-3-8(4-2-7)16(13,14)12-9-11-5-6-15-9/h1-6H,10H2,(H,11,12)",JNMRHUJNCSQMMB-UHFFFAOYSA-N
368,Sulfapyridine,8790000000,9.943988875,144-83-2,Nc1ccc(S(=O)(=O)Nc2ccccn2)cc1,5,,https://doi.org/10.1021/acs.iecr.9b06228,cyclo,Aromatic & PAHs,"InChI=1S/C11H11N3O2S/c12-9-4-6-10(7-5-9)17(15,16)14-11-3-1-2-8-13-11/h1-8H,12H2,(H,13,14)",GECHUMIMRBOMGK-UHFFFAOYSA-N
369,2-Phenylbenzimidazole-5-sulfonic acid,15000000000,10.17609126,158099-19-5,C1=CC=C(C=C1)C2=NC3=C(N2)C=C(C=C3)S(=O)(=O)O,7,,https://doi.org/10.1016/j.cej.2021.132684,"sulfide, disulfide",Sulfur-containing organics,"InChI=1S/C13H10N2O3S/c16-19(17,18)10-6-7-11-12(8-10)15-13(14-11)9-4-2-1-3-5-9/h1-8H,(H,14,15)(H,16,17,18)",UVCJGUGAGLDPAA-UHFFFAOYSA-N
370,"Oxytetracycline, 3.1, 7.4",23600000000,10.372912,79-57-2,CN(C)C1C(=O)C(C(N)=O)=C(O)C2(O)C(=O)C3=C(O)c4c(O)cccc4C(C)(O)C3C(O)C12,7,,https://doi.org/10.1021/acs.est.9b02462,cyclo,Aromatic & PAHs,"InChI=1S/C22H24N2O9/c1-21(32)7-5-4-6-8(25)9(7)15(26)10-12(21)17(28)13-14(24(2)3)16(27)11(20(23)31)19(30)22(13,33)18(10)29/h4-6,12-14,17,25-26,28,30,32-33H,1-3H3,(H2,23,31)",OWFJMIVZYSDULZ-UHFFFAOYSA-N
371,"Tetracycline, 3.32, 7.78",19800000000,10.29666519,60-54-8,CN(C)C1C(=O)C(C(N)=O)=C(O)C2(O)C(=O)C3=C(O)c4c(O)cccc4C(C)(O)C3CC12,7,,https://doi.org/10.1021/acs.est.9b02462,cyclo,Aromatic & PAHs,"InChI=1S/C22H24N2O8/c1-21(31)8-5-4-6-11(25)12(8)16(26)13-9(21)7-10-15(24(2)3)17(27)14(20(23)30)19(29)22(10,32)18(13)28/h4-6,9-10,15,25-26,29,31-32H,7H2,1-3H3,(H2,23,30)",NWXMGUDVXFXRIG-UHFFFAOYSA-N
372,"Trimethoprim, 3.2",19000000000,10.2787536,738-70-5,COc1cc(Cc2cnc(N)nc2N)cc(OC)c1OC,,,https://doi.org/10.1016/j.watres.2016.08.011,diol,Polyfunctional / highly functionalized,"InChI=1S/C14H18N4O3/c1-19-10-5-8(6-11(20-2)12(10)21-3)4-9-7-17-14(16)18-13(9)15/h5-7H,4H2,1-3H3,(H4,15,16,17,18)",IEDVJHCEMCRBQM-UHFFFAOYSA-N
373,"Trimethoprim, 3.2",21100000000,10.32428246,738-70-5,COc1cc(Cc2cnc(N)nc2N)cc(OC)c1OC,7,,https://doi.org/10.1021/acs.est.9b02462,diol,Polyfunctional / highly functionalized,"InChI=1S/C14H18N4O3/c1-19-10-5-8(6-11(20-2)12(10)21-3)4-9-7-17-14(16)18-13(9)15/h5-7H,4H2,1-3H3,(H4,15,16,17,18)",IEDVJHCEMCRBQM-UHFFFAOYSA-N
374,"Trimethoprim, 3.2",16900000000,10.2278867,738-70-5,COc1cc(Cc2cnc(N)nc2N)cc(OC)c1OC,7,,https://doi.org/10.1021/acs.est.9b02462,diol,Polyfunctional / highly functionalized,"InChI=1S/C14H18N4O3/c1-19-10-5-8(6-11(20-2)12(10)21-3)4-9-7-17-14(16)18-13(9)15/h5-7H,4H2,1-3H3,(H4,15,16,17,18)",IEDVJHCEMCRBQM-UHFFFAOYSA-N
375,"Trimethoprim, diion",6520000000,9.814247596,738-70-5,COc1cc(Cc2cnc(N)nc2N)cc(OC)c1OC,,,https://doi.org/10.3390/w13121656,diol,Polyfunctional / highly functionalized,"InChI=1S/C14H18N4O3/c1-19-10-5-8(6-11(20-2)12(10)21-3)4-9-7-17-14(16)18-13(9)15/h5-7H,4H2,1-3H3,(H4,15,16,17,18)",IEDVJHCEMCRBQM-UHFFFAOYSA-N
376,"Trimethoprim, monoion",3090000000,9.489958479,738-70-5,COc1cc(Cc2cnc(N)nc2N)cc(OC)c1OC,,,https://doi.org/10.3390/w13121656,diol,Polyfunctional / highly functionalized,"InChI=1S/C14H18N4O3/c1-19-10-5-8(6-11(20-2)12(10)21-3)4-9-7-17-14(16)18-13(9)15/h5-7H,4H2,1-3H3,(H4,15,16,17,18)",IEDVJHCEMCRBQM-UHFFFAOYSA-N
377,"Trimethoprim, neutral",7760000000,9.889861721,738-70-5,COc1cc(Cc2cnc(N)nc2N)cc(OC)c1OC,,,https://doi.org/10.3390/w13121656,diol,Polyfunctional / highly functionalized,"InChI=1S/C14H18N4O3/c1-19-10-5-8(6-11(20-2)12(10)21-3)4-9-7-17-14(16)18-13(9)15/h5-7H,4H2,1-3H3,(H4,15,16,17,18)",IEDVJHCEMCRBQM-UHFFFAOYSA-N
378,Acetaminophen (paracetamol),37100000000,10.56937391,103-90-2,CC(=O)Nc1ccc(O)cc1,5.5,,https://doi.org/10.15625/2525-2321.2017-00532,benzene,Aromatic & PAHs,"InChI=1S/C8H9NO2/c1-6(10)9-7-2-4-8(11)5-3-7/h2-5,11H,1H3,(H,9,10)",RZVAJINKPMORJF-UHFFFAOYSA-N
379,Acetaminophen (paracetamol),13300000000,10.12385164,103-90-2,CC(=O)Nc1ccc(O)cc1,7,,https://doi.org/10.1021/acs.est.9b02462,benzene,Aromatic & PAHs,"InChI=1S/C8H9NO2/c1-6(10)9-7-2-4-8(11)5-3-7/h2-5,11H,1H3,(H,9,10)",RZVAJINKPMORJF-UHFFFAOYSA-N
380,Acetaminophen (paracetamol),12400000000,10.09342169,103-90-2,CC(=O)Nc1ccc(O)cc1,7,,https://doi.org/10.1021/acs.est.9b02462,benzene,Aromatic & PAHs,"InChI=1S/C8H9NO2/c1-6(10)9-7-2-4-8(11)5-3-7/h2-5,11H,1H3,(H,9,10)",RZVAJINKPMORJF-UHFFFAOYSA-N
381,Acetaminophen (paracetamol),10800000000,10.03342376,103-90-2,CC(=O)Nc1ccc(O)cc1,7,,https://doi.org/10.1016/j.cej.2019.122339,benzene,Aromatic & PAHs,"InChI=1S/C8H9NO2/c1-6(10)9-7-2-4-8(11)5-3-7/h2-5,11H,1H3,(H,9,10)",RZVAJINKPMORJF-UHFFFAOYSA-N
382,Acetaminophen (paracetamol),2610000000,9.416640507,103-90-2,CC(=O)Nc1ccc(O)cc1,,,https://doi.org/10.1016/j.watres.2021.116938,benzene,Aromatic & PAHs,"InChI=1S/C8H9NO2/c1-6(10)9-7-2-4-8(11)5-3-7/h2-5,11H,1H3,(H,9,10)",RZVAJINKPMORJF-UHFFFAOYSA-N
383,Aspirin,6800000000,9.832508913,50-78-2,CC(=O)Oc1ccccc1C(=O)O,7,,https://doi.org/10.1021/acs.est.9b02462,alcohol,Oxygenated organics,"InChI=1S/C9H8O4/c1-6(10)13-8-5-3-2-4-7(8)9(11)12/h2-5H,1H3,(H,11,12)",BSYNRYMUTXBXSQ-UHFFFAOYSA-N
384,"Mesalazine, 2.7",22300000000,10.34830486,89-57-6,Nc1ccc(O)c(C(=O)O)c1,7,,https://doi.org/10.1021/acs.est.9b02462,cyclo,Aromatic & PAHs,"InChI=1S/C7H7NO3/c8-4-1-2-6(9)5(3-4)7(10)11/h1-3,9H,8H2,(H,10,11)",KBOPZPXVLCULAV-UHFFFAOYSA-N
385,Ibuprofen,27700000000,10.44247977,15687-27-1,CC(C)Cc1ccc(C(C)C(=O)O)cc1,7,,https://doi.org/10.1021/acs.est.9b02462,cyclo,Aromatic & PAHs,"InChI=1S/C13H18O2/c1-9(2)8-11-4-6-12(7-5-11)10(3)13(14)15/h4-7,9-10H,8H2,1-3H3,(H,14,15)",HEFNNWSXXWATRW-UHFFFAOYSA-N
386,Ibuprofen,13000000000,10.11394335,15687-27-1,CC(C)Cc1ccc(C(C)C(=O)O)cc1,3.9,,https://doi.org/10.1021/acs.est.9b01212,cyclo,Aromatic & PAHs,"InChI=1S/C13H18O2/c1-9(2)8-11-4-6-12(7-5-11)10(3)13(14)15/h4-7,9-10H,8H2,1-3H3,(H,14,15)",HEFNNWSXXWATRW-UHFFFAOYSA-N
387,Naproxen,20100000000,10.30319606,22204-53-1,COc1ccc2cc(C(C)C(=O)O)ccc2c1,7,,https://doi.org/10.1021/acs.est.9b02462,alcohol,Oxygenated organics,"InChI=1S/C14H14O3/c1-9(14(15)16)10-3-4-12-8-13(17-2)6-5-11(12)7-10/h3-9H,1-2H3,(H,15,16)",CMWTZPSULFXXJA-UHFFFAOYSA-N
388,Naproxen,27000000000,10.43136376,22204-53-1,COc1ccc2cc(C(C)C(=O)O)ccc2c1,3.9,,https://doi.org/10.1021/acs.est.9b01212,alcohol,Oxygenated organics,"InChI=1S/C14H14O3/c1-9(14(15)16)10-3-4-12-8-13(17-2)6-5-11(12)7-10/h3-9H,1-2H3,(H,15,16)",CMWTZPSULFXXJA-UHFFFAOYSA-N
389,Naproxen,4900000000,9.69019608,22204-53-1,COc1ccc2cc(C(C)C(=O)O)ccc2c1,,,https://doi.org/10.1021/acs.est.9b02462,alcohol,Oxygenated organics,"InChI=1S/C14H14O3/c1-9(14(15)16)10-3-4-12-8-13(17-2)6-5-11(12)7-10/h3-9H,1-2H3,(H,15,16)",CMWTZPSULFXXJA-UHFFFAOYSA-N
390,Diclofenac,37700000000,10.57634135,15307-86-5,O=C(O)Cc1ccccc1Nc1c(Cl)cccc1Cl,7,,https://doi.org/10.1021/acs.est.9b02462,benzene,Aromatic & PAHs,"InChI=1S/C14H11Cl2NO2/c15-10-5-3-6-11(16)14(10)17-12-7-2-1-4-9(12)8-13(18)19/h1-7,17H,8H2,(H,18,19)",DCOPUUMXTXDBNB-UHFFFAOYSA-N
391,Atenolol,1120000000,9.049218023,29122-68-7,CC(C)NCC(O)COc1ccc(CC(N)=O)cc1,5.8,,https://doi.org/10.1021/acs.est.9b03062,alcohol,Oxygenated organics,"InChI=1S/C14H22N2O3/c1-10(2)16-8-12(17)9-19-13-5-3-11(4-6-13)7-14(15)18/h3-6,10,12,16-17H,7-9H2,1-2H3,(H2,15,18)",METKIMKYRPQLGS-UHFFFAOYSA-N
392,Atenolol,22900000000,10.35983548,29122-68-7,CC(C)NCC(O)COc1ccc(CC(N)=O)cc1,7,,https://doi.org/10.1021/acs.est.9b02462,alcohol,Oxygenated organics,"InChI=1S/C14H22N2O3/c1-10(2)16-8-12(17)9-19-13-5-3-11(4-6-13)7-14(15)18/h3-6,10,12,16-17H,7-9H2,1-2H3,(H2,15,18)",METKIMKYRPQLGS-UHFFFAOYSA-N
393,Metoprolol,17100000000,10.23299611,959786-79-9,CC(C)NCC(COC1=CC=C(C=C1)CCOC)O,7,,https://doi.org/10.1021/acs.est.9b02462,alcohol,Oxygenated organics,"InChI=1S/C15H25NO3/c1-12(2)16-10-14(17)11-19-15-6-4-13(5-7-15)8-9-18-3/h4-7,12,14,16-17H,8-11H2,1-3H3",IUBSYMUCCVWXPE-UHFFFAOYSA-N
394,Cimetidine,4300000000,9.633468456,51481-61-9,CN=C(NC#N)NCCSCc1nc[nH]c1C,7,,https://doi.org/10.1021/acs.est.9b02462,"sulfide, disulfide",Sulfur-containing organics,"InChI=1S/C10H16N6S/c1-8-9(16-7-15-8)5-17-4-3-13-10(12-2)14-6-11/h7H,3-5H2,1-2H3,(H,15,16)(H2,12,13,14)",AQIXAKUUQRKLND-UHFFFAOYSA-N
395,"Famotidine, 1.8",17200000000,10.23552845,76824-35-6,NC(N)=Nc1nc(CSCCC(N)=NS(N)(=O)=O)cs1,7,,https://doi.org/10.1021/acs.est.9b02462,"sulfide, disulfide",Sulfur-containing organics,"InChI=1S/C8H15N7O2S3/c9-6(15-20(12,16)17)1-2-18-3-5-4-19-8(13-5)14-7(10)11/h4H,1-3H2,(H2,9,15)(H2,12,16,17)(H4,10,11,13,14)",XUFQPHANEAPEMJ-UHFFFAOYSA-N
396,Carbamazepine,56000000000,10.74818803,298-46-4,NC(=O)N1c2ccccc2C=Cc2ccccc21,7,,https://doi.org/10.1016/j.watres.2016.04.015,benzene,Aromatic & PAHs,"InChI=1S/C15H12N2O/c16-15(18)17-13-7-3-1-5-11(13)9-10-12-6-2-4-8-14(12)17/h1-10H,(H2,16,18)",FFGPTBGBLSHEPO-UHFFFAOYSA-N
397,Carbamazepine,3700000000,9.568201724,298-46-4,NC(=O)N1c2ccccc2C=Cc2ccccc21,,,https://doi.org/10.1039/C6EW00242K,benzene,Aromatic & PAHs,"InChI=1S/C15H12N2O/c16-15(18)17-13-7-3-1-5-11(13)9-10-12-6-2-4-8-14(12)17/h1-10H,(H2,16,18)",FFGPTBGBLSHEPO-UHFFFAOYSA-N
398,Carbamazepine,37000000000,10.56820172,298-46-4,NC(=O)N1c2ccccc2C=Cc2ccccc21,7,,https://doi.org/10.1021/acs.est.9b00749,benzene,Aromatic & PAHs,"InChI=1S/C15H12N2O/c16-15(18)17-13-7-3-1-5-11(13)9-10-12-6-2-4-8-14(12)17/h1-10H,(H2,16,18)",FFGPTBGBLSHEPO-UHFFFAOYSA-N
399,Carbamazepine,33000000000,10.51851394,298-46-4,NC(=O)N1c2ccccc2C=Cc2ccccc21,7,,https://doi.org/10.1021/acs.est.9b02462,benzene,Aromatic & PAHs,"InChI=1S/C15H12N2O/c16-15(18)17-13-7-3-1-5-11(13)9-10-12-6-2-4-8-14(12)17/h1-10H,(H2,16,18)",FFGPTBGBLSHEPO-UHFFFAOYSA-N
400,Carbamazepine,1840000000,9.264817823,298-46-4,NC(=O)N1c2ccccc2C=Cc2ccccc21,,,https://doi.org/10.1016/j.chemosphere.2021.130499,benzene,Aromatic & PAHs,"InChI=1S/C15H12N2O/c16-15(18)17-13-7-3-1-5-11(13)9-10-12-6-2-4-8-14(12)17/h1-10H,(H2,16,18)",FFGPTBGBLSHEPO-UHFFFAOYSA-N
401,Clofbric acid,97600000000,10.98944982,882-09-7,CC(C)(Oc1ccc(Cl)cc1)C(=O)O,7,,https://doi.org/10.1016/j.cej.2017.08.117,alkane,Aliphatic hydrocarbons,"InChI=1S/C10H11ClO3/c1-10(2,9(12)13)14-8-5-3-7(11)4-6-8/h3-6H,1-2H3,(H,12,13)",TXCGAZHTZHNUAI-UHFFFAOYSA-N
402,Clofbric acid,5500000000,9.740362689,882-09-7,CC(C)(Oc1ccc(Cl)cc1)C(=O)O,7,,https://doi.org/10.1021/acs.est.9b02462,alkane,Aliphatic hydrocarbons,"InChI=1S/C10H11ClO3/c1-10(2,9(12)13)14-8-5-3-7(11)4-6-8/h3-6H,1-2H3,(H,12,13)",TXCGAZHTZHNUAI-UHFFFAOYSA-N
403,Bezafbrate,500000000,8.698970004,41859-67-0,CC(C)(Oc1ccc(CCNC(=O)c2ccc(Cl)cc2)cc1)C(=O)O,,,https://doi.org/10.1007/s11356-017-0461-9,benzene,Aromatic & PAHs,"InChI=1S/C19H20ClNO4/c1-19(2,18(23)24)25-16-9-3-13(4-10-16)11-12-21-17(22)14-5-7-15(20)8-6-14/h3-10H,11-12H2,1-2H3,(H,21,22)(H,23,24)",IIBYAHWJQTYFKB-UHFFFAOYSA-N
404,Bezafbrate,10400000000,10.01703334,41859-67-0,CC(C)(Oc1ccc(CCNC(=O)c2ccc(Cl)cc2)cc1)C(=O)O,7,,https://doi.org/10.1021/acs.est.9b02462,benzene,Aromatic & PAHs,"InChI=1S/C19H20ClNO4/c1-19(2,18(23)24)25-16-9-3-13(4-10-16)11-12-21-17(22)14-5-7-15(20)8-6-14/h3-10H,11-12H2,1-2H3,(H,21,22)(H,23,24)",IIBYAHWJQTYFKB-UHFFFAOYSA-N
405,Gemfbrozil,21400000000,10.33041377,25812-30-0,Cc1ccc(C)c(OCCCC(C)(C)C(=O)O)c1,7,,https://doi.org/10.1021/acs.est.9b02462,cyclo,Aromatic & PAHs,"InChI=1S/C15H22O3/c1-11-6-7-12(2)13(10-11)18-9-5-8-15(3,4)14(16)17/h6-7,10H,5,8-9H2,1-4H3,(H,16,17)",HEMJJKBWTPKOJG-UHFFFAOYSA-N
406,Gemfbrozil,1200000000,9.079181246,25812-30-0,Cc1ccc(C)c(OCCCC(C)(C)C(=O)O)c1,,,https://doi.org/10.1016/j.watres.2021.117445,cyclo,Aromatic & PAHs,"InChI=1S/C15H22O3/c1-11-6-7-12(2)13(10-11)18-9-5-8-15(3,4)14(16)17/h6-7,10H,5,8-9H2,1-4H3,(H,16,17)",HEMJJKBWTPKOJG-UHFFFAOYSA-N
407,Gemfbrozil,14000000000,10.14612804,25812-30-0,Cc1ccc(C)c(OCCCC(C)(C)C(=O)O)c1,7,,https://doi.org/10.1016/j.watres.2021.117944,cyclo,Aromatic & PAHs,"InChI=1S/C15H22O3/c1-11-6-7-12(2)13(10-11)18-9-5-8-15(3,4)14(16)17/h6-7,10H,5,8-9H2,1-4H3,(H,16,17)",HEMJJKBWTPKOJG-UHFFFAOYSA-N
408,Primidone,6200000000,9.792391689,125-33-7,CCC1(c2ccccc2)C(=O)NCNC1=O,7,,https://doi.org/10.1021/acs.est.9b02462,cyclo,Aromatic & PAHs,"InChI=1S/C12H14N2O2/c1-2-12(9-6-4-3-5-7-9)10(15)13-8-14-11(12)16/h3-7H,2,8H2,1H3,(H,13,15)(H,14,16)",DQMZLTXERSFNPB-UHFFFAOYSA-N
409,Primidone,31900000000,10.50379068,125-33-7,CCC1(c2ccccc2)C(=O)NCNC1=O,5,,https://doi.org/10.1016/j.watres.2019.115463,cyclo,Aromatic & PAHs,"InChI=1S/C12H14N2O2/c1-2-12(9-6-4-3-5-7-9)10(15)13-8-14-11(12)16/h3-7H,2,8H2,1H3,(H,13,15)(H,14,16)",DQMZLTXERSFNPB-UHFFFAOYSA-N
410,Iopromide,27500000000,10.43933269,73334-07-3,COCC(=O)Nc1c(I)c(C(=O)NCC(O)CO)c(I)c(C(=O)N(C)CC(O)CO)c1I,7,,https://doi.org/10.1021/acs.est.9b02462,diol,Polyfunctional / highly functionalized,"InChI=1S/C18H24I3N3O8/c1-24(4-9(28)6-26)18(31)12-13(19)11(17(30)22-3-8(27)5-25)14(20)16(15(12)21)23-10(29)7-32-2/h8-9,25-28H,3-7H2,1-2H3,(H,22,30)(H,23,29)",DGAIEPBNLOQYER-UHFFFAOYSA-N
411,Iohexol,1180000000000.0,12.07188201,66108-95-0,CC(=O)N(CC(O)CO)c1c(I)c(C(=O)NCC(O)CO)c(I)c(C(=O)NCC(O)CO)c1I,,,https://doi.org/10.1016/j.cej.2019.02.120,diol,Polyfunctional / highly functionalized,"InChI=1S/C19H26I3N3O9/c1-8(29)25(4-11(32)7-28)17-15(21)12(18(33)23-2-9(30)5-26)14(20)13(16(17)22)19(34)24-3-10(31)6-27/h9-11,26-28,30-32H,2-7H2,1H3,(H,23,33)(H,24,34)",NTHXOOBQLCIOLC-UHFFFAOYSA-N
412,Microcystein-LR,22500000000,10.35218252,101043-37-2,C=C1C(=O)NC(C)C(=O)NC(CC(C)C)C(=O)NC(C(=O)O)C(C)C(=O)NC(CCCN=C(N)N)C(=O)NC(C=CC(C)=CC(C)C(Cc2ccccc2)OC)C(C)C(=O)NC(C(=O)O)CCC(=O)N1C,3.9,,. https://d oi. org/ 10. 1016/j. watres. 2019. 05. 030,diol,Polyfunctional / highly functionalized,"InChI=1S/C49H74N10O12/c1-26(2)23-37-46(66)58-40(48(69)70)30(6)42(62)55-35(17-14-22-52-49(50)51)45(65)54-34(19-18-27(3)24-28(4)38(71-10)25-33-15-12-11-13-16-33)29(5)41(61)56-36(47(67)68)20-21-39(60)59(9)32(8)44(64)53-31(7)43(63)57-37/h11-13,15-16,18-19,24,26,28-31,34-38,40H,8,14,17,20-23,25H2,1-7,9-10H3,(H,53,64)(H,54,65)(H,55,62)(H,56,61)(H,57,63)(H,58,66)(H,67,68)(H,69,70)(H4,50,51,52)",ZYZCGGRZINLQBL-UHFFFAOYSA-N
413,Estrone (E1),20600000000,10.31386722,53-16-7,CC12CCC3c4ccc(O)cc4CCC3C1CCC2=O,7,,https://doi.org/10.1021/acs.est.9b02462,cyclo,Aromatic & PAHs,"InChI=1S/C18H22O2/c1-18-9-8-14-13-5-3-12(19)10-11(13)2-4-15(14)16(18)6-7-17(18)20/h3,5,10,14-16,19H,2,4,6-9H2,1H3",DNXHEGUUPJUMQT-UHFFFAOYSA-N
414,Estradiol (E2),16000000000,10.20411998,50-28-2,OC1=CC2=C(C=C1)[C@]3([H])[C@@]([C@@](CC[C@@H]4O)([H])[C@]4(C)CC3)([H])CC2,,,https://doi.org/10.1039/C6EW00242K,alcohol,Oxygenated organics,"InChI=1S/C18H24O2/c1-18-9-8-14-13-5-3-12(19)10-11(13)2-4-15(14)16(18)6-7-17(18)20/h3,5,10,14-17,19-20H,2,4,6-9H2,1H3/t14-,15-,16+,17+,18+/m1/s1",VOXZDWNPVJITMN-ZBRFXRBCSA-N
415,Estradiol (E2),8000000000,9.903089987,50-28-2,OC1=CC2=C(C=C1)[C@]3([H])[C@@]([C@@](CC[C@@H]4O)([H])[C@]4(C)CC3)([H])CC2,7,,https://doi.org/10.1021/acs.est.9b00749,alcohol,Oxygenated organics,"InChI=1S/C18H24O2/c1-18-9-8-14-13-5-3-12(19)10-11(13)2-4-15(14)16(18)6-7-17(18)20/h3,5,10,14-17,19-20H,2,4,6-9H2,1H3/t14-,15-,16+,17+,18+/m1/s1",VOXZDWNPVJITMN-ZBRFXRBCSA-N
416,Estradiol (E2),20100000000,10.30319606,50-28-2,OC1=CC2=C(C=C1)[C@]3([H])[C@@]([C@@](CC[C@@H]4O)([H])[C@]4(C)CC3)([H])CC2,7,,https://doi.org/10.1021/acs.est.9b02462,alcohol,Oxygenated organics,"InChI=1S/C18H24O2/c1-18-9-8-14-13-5-3-12(19)10-11(13)2-4-15(14)16(18)6-7-17(18)20/h3,5,10,14-17,19-20H,2,4,6-9H2,1H3/t14-,15-,16+,17+,18+/m1/s1",VOXZDWNPVJITMN-ZBRFXRBCSA-N
417,Ethinyl estradiol (EE2),2100000000,9.322219295,57-63-6,C#CC1(O)CCC2C3CCc4cc(O)ccc4C3CCC21C,7,,https://doi.org/10.1021/acs.est.9b00749,cyclo,Aromatic & PAHs,"InChI=1S/C20H24O2/c1-3-20(22)11-9-18-17-6-4-13-12-14(21)5-7-15(13)16(17)8-10-19(18,20)2/h1,5,7,12,16-18,21-22H,4,6,8-11H2,2H3",BFPYWIDHMRZLRN-UHFFFAOYSA-N
418,Ethinyl estradiol (EE2),25600000000,10.40823997,57-63-6,C#CC1(O)CCC2C3CCc4cc(O)ccc4C3CCC21C,7,,https://doi.org/10.1021/acs.est.9b02462,cyclo,Aromatic & PAHs,"InChI=1S/C20H24O2/c1-3-20(22)11-9-18-17-6-4-13-12-14(21)5-7-15(13)16(17)8-10-19(18,20)2/h1,5,7,12,16-18,21-22H,4,6,8-11H2,2H3",BFPYWIDHMRZLRN-UHFFFAOYSA-N
419,Methylparaben,15200000000,10.18184359,99-76-3,COC(=O)c1ccc(O)cc1,7,,https://doi.org/10.1021/acs.est.9b02462,alcohol,Oxygenated organics,"InChI=1S/C8H8O3/c1-11-8(10)6-2-4-7(9)5-3-6/h2-5,9H,1H3",LXCFILQKKLGQFO-UHFFFAOYSA-N
420,Sucralose,11100000000,10.04532298,56038-13-2,OCC1OC(OC2(CCl)OC(CCl)C(O)C2O)C(O)C(O)C1Cl,7,,https://doi.org/10.1021/acs.est.9b02462,diol,Polyfunctional / highly functionalized,"InChI=1S/C12H19Cl3O8/c13-1-4-7(17)10(20)12(3-14,22-4)23-11-9(19)8(18)6(15)5(2-16)21-11/h4-11,16-20H,1-3H2",BAQAVOSOZGMPRM-UHFFFAOYSA-N
421,Humic acid,30000000000,10.47712125,,OC1=CC=C(C=C1)C(=O)O.C1=CC(OC)=C(C=C1)C(=O)O.C1=CC(=O)C2=C(C1)C=CC(=C2O)C(=O)O,4,,https://doi.org/10.1111/j.1751-1097.2007.00087.x,diol,Polyfunctional / highly functionalized,"InChI=1S/C11H8O4.C8H8O3.C7H6O3/c12-8-3-1-2-6-4-5-7(11(14)15)10(13)9(6)8;1-11-7-5-3-2-4-6(7)8(9)10;8-6-3-1-5(2-4-6)7(9)10/h1,3-5,13H,2H2,(H,14,15);2-5H,1H3,(H,9,10);1-4,8H,(H,9,10)",YHSGTFNOEFQHSP-UHFFFAOYSA-N
