No.,Chemical compound,K,Logk,Cas,Smiles,Ph,T,Ref,Chemical_class_27,Chemical_class_coarse,InChI,InChIKey
1,Phenol,,8.34,108-95-2,Oc1ccccc1,7,,https://doi.org/10.1021/acs.est.9b02462,phenol,Oxygenated organics,"InChI=1S/C6H6O/c7-6-4-2-1-3-5-6/h1-5,7H",ISWSIDIOOBJBQZ-UHFFFAOYSA-N
2,4-Hydroxybenzaldehyde,,7.88,123-08-0,O=Cc1ccc(O)cc1,7,,https://doi.org/10.1021/acs.est.9b02462,phenol,Oxygenated organics,"InChI=1S/C7H6O2/c8-5-6-1-3-7(9)4-2-6/h1-5,9H",RGHHSNMVTDWUBI-UHFFFAOYSA-N
3,4-Hydroxybenzoic acid,,8.45,99-96-7,O=C(O)c1ccc(O)cc1,7,,https://doi.org/10.1021/acs.est.9b02462,phenol,Oxygenated organics,"InChI=1S/C7H6O3/c8-6-3-1-5(2-4-6)7(9)10/h1-4,8H,(H,9,10)",FJKROLUGYXJWQN-UHFFFAOYSA-N
4,Salicylic acid（2-Hydroxybenzoic acid）,,8.32,69-72-7,O=C(O)c1ccccc1O,7,,https://doi.org/10.1021/acs.est.9b02462,phenol,Oxygenated organics,"InChI=1S/C7H6O3/c8-6-4-2-1-3-5(6)7(9)10/h1-4,8H,(H,9,10)",YGSDEFSMJLZEOE-UHFFFAOYSA-N
5,3-Hydroxybenzoic acid,,8.39,99-06-9,O=C(O)c1cccc(O)c1,7,,https://doi.org/10.1021/acs.est.9b02462,phenol,Oxygenated organics,"InChI=1S/C7H6O3/c8-6-3-1-2-5(4-6)7(9)10/h1-4,8H,(H,9,10)",IJFXRHURBJZNAO-UHFFFAOYSA-N
6,4-Methoxyphenol,,9.04,150-76-5,COc1ccc(O)cc1,7,,https://doi.org/10.1021/acs.est.9b02462,phenol,Oxygenated organics,"InChI=1S/C7H8O2/c1-9-7-4-2-6(8)3-5-7/h2-5,8H,1H3",NWVVVBRKAWDGAB-UHFFFAOYSA-N
7,Anisole,,8.21,100-66-3,COc1ccccc1,7,,https://doi.org/10.1021/acs.est.9b02462,ether,Oxygenated organics,"InChI=1S/C7H8O/c1-8-7-5-3-2-4-6-7/h2-6H,1H3",RDOXTESZEPMUJZ-UHFFFAOYSA-N
8,1-(4-Methoxyphenyl)ethanone,,7.63,100-06-1,COc1ccc(C(C)=O)cc1,7,,https://doi.org/10.1021/acs.est.9b02462,ketone,Oxygenated organics,"InChI=1S/C9H10O2/c1-7(10)8-3-5-9(11-2)6-4-8/h3-6H,1-2H3",NTPLXRHDUXRPNE-UHFFFAOYSA-N
9,p-Toluic acid,,6.72,99-94-5,Cc1ccc(C(=O)O)cc1,7,,https://doi.org/10.1021/acs.est.9b02462,carboxylic acid,Oxygenated organics,"InChI=1S/C8H8O2/c1-6-2-4-7(5-3-6)8(9)10/h2-5H,1H3,(H,9,10)",LPNBBFKOUUSUDB-UHFFFAOYSA-N
10,Styrene,,7.32,100-42-5,C=CC1=CC=CC=C1,7,,https://doi.org/10.1021/acs.est.9b02462,alkene,Aliphatic hydrocarbons,"InChI=1S/C8H8/c1-2-8-6-4-3-5-7-8/h2-7H,1H2",PPBRXRYQALVLMV-UHFFFAOYSA-N
11,Aniline,,8.83,62-53-3,Nc1ccccc1,7,,https://doi.org/10.1021/acs.est.9b02462,amine,Nitrogen-containing organics,"InChI=1S/C6H7N/c7-6-4-2-1-3-5-6/h1-5H,7H2",PAYRUJLWNCNPSJ-UHFFFAOYSA-N
12,Imidazole,,8.26,288-32-4,c1c[nH]cn1,7,,https://doi.org/10.1021/acs.est.9b02462,imidazole,Heterocycles,"InChI=1S/C3H4N2/c1-2-5-3-4-1/h1-3H,(H,4,5)",RAXXELZNTBOGNW-UHFFFAOYSA-N
13,Sorbic acid,,8.83,110-44-1,CC=CC=CC(=O)O,7,,https://doi.org/10.1021/acs.est.9b02462,carboxylic acid,Oxygenated organics,"InChI=1S/C6H8O2/c1-2-3-4-5-6(7)8/h2-5H,1H3,(H,7,8)",WSWCOQWTEOXDQX-UHFFFAOYSA-N
14,Maleic acid,,6.25,110-16-7,O=C(O)C=CC(=O)O,7,,https://doi.org/10.1021/acs.est.9b02462,dicarboxylic acid,Polyfunctional / highly functionalized,"InChI=1S/C4H4O4/c5-3(6)1-2-4(7)8/h1-2H,(H,5,6)(H,7,8)",VZCYOOQTPOCHFL-UHFFFAOYSA-N
15,Cyclohexene,,7.49,110-83-8,C1=CCCCC1,7,,https://doi.org/10.1021/acs.est.9b02462,alkene,Aliphatic hydrocarbons,"InChI=1S/C6H10/c1-2-4-6-5-3-1/h1-2H,3-6H2",HGCIXCUEYOPUTN-UHFFFAOYSA-N
16,benzoic acid,2000000,6.301029996,65-85-0,O=C(O)c1ccccc1,,,https://doi.org/10.1021/es4036094,carboxylic acid,Oxygenated organics,"InChI=1S/C7H6O2/c8-7(9)6-4-2-1-3-5-6/h1-5H,(H,8,9)",WPYMKLBDIGXBTP-UHFFFAOYSA-N
17,Hydroxide ion,4500000,6.653212514,14280-30-9,[OH-],,,https://doi.org/10.1021/es4036094,inorganic,Others / Unassigned,InChI=1S/H2O/h1H2/p-1,XLYOFNOQVPJJNP-UHFFFAOYSA-M
18,benzene,4500000,6.653212514,71-43-2,c1ccccc1,1.5,25,https://doi.org/10.1155/2024/6974417,benzene,Aromatic & PAHs,InChI=1S/C6H6/c1-2-4-6-5-3-1/h1-6H,UHOVQNZJYSORNB-UHFFFAOYSA-N
19,N-Nitrosodimethylamine,135000000,8.130333768,62-75-9,CN(C)N=O,7,25,https://doi.org/10.1016/j.jece.2022.108705,"nitroso, nitramine",Nitrogen-containing organics,InChI=1S/C2H6N2O/c1-4(2)3-5/h1-2H3,UMFJAHHVKNCGLG-UHFFFAOYSA-N
20,N-Methyl-N-nitrosoethanamine,46000000,7.662757832,10595-95-6,CCN(C)N=O,7,25,https://doi.org/10.1016/j.jece.2022.108705,"nitroso, nitramine",Nitrogen-containing organics,"InChI=1S/C3H8N2O/c1-3-5(2)4-6/h3H2,1-2H3",RTDCJKARQCRONF-UHFFFAOYSA-N
21,N-Nitrosodiethylamine,129000000,8.11058971,55-18-5,CCN(CC)N=O,7,25,https://doi.org/10.1016/j.jece.2022.108705,"nitroso, nitramine",Nitrogen-containing organics,"InChI=1S/C4H10N2O/c1-3-6(4-2)5-7/h3-4H2,1-2H3",WBNQDOYYEUMPFS-UHFFFAOYSA-N
22,"1-Propanamine,N-nitroso-N-propyl",259000000,8.413299764,621-64-7,CCCN(CCC)N=O,7,25,https://doi.org/10.1016/j.jece.2022.108705,"nitroso, nitramine",Nitrogen-containing organics,"InChI=1S/C6H14N2O/c1-3-5-8(7-9)6-4-2/h3-6H2,1-2H3",YLKFDHTUAUWZPQ-UHFFFAOYSA-N
23,N-nitrosodibutylamine,219000000,8.340444115,924-16-3,O=NN(CCCC)CCCC,7,25,https://doi.org/10.1016/j.jece.2022.108705,"nitroso, nitramine",Nitrogen-containing organics,"InChI=1S/C8H18N2O/c1-3-5-7-10(9-11)8-6-4-2/h3-8H2,1-2H3",YGJHZCLPZAZIHH-UHFFFAOYSA-N
24,1-nitrosopyrrolidine,90000000,7.954242509,930-55-2,O=NN1CCCC1,7,25,https://doi.org/10.1016/j.jece.2022.108705,"nitroso, nitramine",Nitrogen-containing organics,InChI=1S/C4H8N2O/c7-5-6-3-1-2-4-6/h1-4H2,WNYADZVDBIBLJJ-UHFFFAOYSA-N
25,1-nitrosopiperidine,347000000,8.540329475,100-75-4,O=NN1CCCCC1,7,25,https://doi.org/10.1016/j.jece.2022.108705,"nitroso, nitramine",Nitrogen-containing organics,InChI=1S/C5H10N2O/c8-6-7-4-2-1-3-5-7/h1-5H2,UWSDONTXWQOZFN-UHFFFAOYSA-N
26,"Morpholine,4-nitroso-",1060000000,9.025305865,59-89-2,O=NN1CCOCC1,7,25,https://doi.org/10.1016/j.jece.2022.108705,"nitroso, nitramine",Nitrogen-containing organics,InChI=1S/C4H8N2O2/c7-5-6-1-3-8-4-2-6/h1-4H2,ZKXDGKXYMTYWTB-UHFFFAOYSA-N
27,Ofloxacin,348000000,8.541579244,82419-36-1,CC1COc2c(N3CCN(C)CC3)c(F)cc3c(=O)c(C(=O)O)cn1c23,6.5,25,https://doi.org/10.1016/j.jece.2024.113740,halogenated,Halogenated organics,"InChI=1S/C18H20FN3O4/c1-10-9-26-17-14-11(16(23)12(18(24)25)8-22(10)14)7-13(19)15(17)21-5-3-20(2)4-6-21/h7-8,10H,3-6,9H2,1-2H3,(H,24,25)",GSDSWSVVBLHKDQ-UHFFFAOYSA-N
28,Amoxicillin,420000000,8.62324929,26787-78-0,CC1(C)SC2C(NC(=O)C(N)c3ccc(O)cc3)C(=O)N2C1C(=O)O,6.5,25,https://doi.org/10.1016/j.jece.2024.113743,"sulfide, disulfide",Sulfur-containing organics,"InChI=1S/C16H19N3O5S/c1-16(2)11(15(23)24)19-13(22)10(14(19)25-16)18-12(21)9(17)7-3-5-8(20)6-4-7/h3-6,9-11,14,20H,17H2,1-2H3,(H,18,21)(H,23,24)",LSQZJLSUYDQPKJ-UHFFFAOYSA-N
29,Paracetamol,432000000,8.635483747,103-90-2,CC(=O)Nc1ccc(O)cc1,6.5,25,https://doi.org/10.1016/j.jece.2024.113744,phenol,Oxygenated organics,"InChI=1S/C8H9NO2/c1-6(10)9-7-2-4-8(11)5-3-7/h2-5,11H,1H3,(H,9,10)",RZVAJINKPMORJF-UHFFFAOYSA-N
30,Ciprofloxacin,219000000,8.340444115,85721-33-1,O=C(O)c1cn(C2CC2)c2cc(N3CCNCC3)c(F)cc2c1=O,6.5,25,https://doi.org/10.1016/j.jece.2024.113746,halogenated,Halogenated organics,"InChI=1S/C17H18FN3O3/c18-13-7-11-14(8-15(13)20-5-3-19-4-6-20)21(10-1-2-10)9-12(16(11)22)17(23)24/h7-10,19H,1-6H2,(H,23,24)",MYSWGUAQZAJSOK-UHFFFAOYSA-N
31,Caffeine,928000000,8.967547976,58-08-2,CN1C=NC2=C1C(N(C)C(N2C)=O)=O,6.5,25,https://doi.org/10.1016/j.jece.2024.113747,imidazole,Heterocycles,"InChI=1S/C8H10N4O2/c1-10-4-9-6-5(10)7(13)12(3)8(14)11(6)2/h4H,1-3H3",RYYVLZVUVIJVGH-UHFFFAOYSA-N
32,Nitrite,250000000,8.397940009,24407-06-5,[O-]N=O,7,25,https://doi.org/10.1016/j.scitotenv.2020.143325,"nitroso, nitramine",Nitrogen-containing organics,"InChI=1S/HNO2/c2-1-3/h(H,2,3)/p-1",IOVCWXUNBOPUCH-UHFFFAOYSA-M
33,tert-Butanol,700,2.84509804,75-65-0,CC(C)(C)O,7,25,https://doi.org/10.1016/j.scitotenv.2020.143325,alcohol,Oxygenated organics,"InChI=1S/C4H10O/c1-4(2,3)5/h5H,1-3H3",DKGAVHZHDRPRBM-UHFFFAOYSA-N
34,Bicarbonate ion,8000000,6.903089987,71-52-3,O=C([O-])O,3.5,25,https://doi.org/10.1021/acsestwater.2c00598,inorganic,Others / Unassigned,"InChI=1S/CH2O3/c2-1(3)4/h(H2,2,3,4)/p-1",BVKZGUZCCUSVTD-UHFFFAOYSA-M
35,sulfapyridine,3820000,6.582063363,144-83-2,Nc1ccc(S(=O)(=O)Nc2ccccn2)cc1,,25,https://doi.org/10.1021/acs.iecr.9b06228,sulfoxide,Sulfur-containing organics,"InChI=1S/C11H11N3O2S/c12-9-4-6-10(7-5-9)17(15,16)14-11-3-1-2-8-13-11/h1-8H,12H2,(H,13,14)",GECHUMIMRBOMGK-UHFFFAOYSA-N
36,4-Aminobenzoate ion,,9.0414,2906-33-4,C1=CC(=CC=C1C(=O)[O-])N,,,https://doi.org/10.1016/j.chemosphere.2023.138793,amine,Nitrogen-containing organics,"InChI=1S/C7H7NO2/c8-6-3-1-5(2-4-6)7(9)10/h1-4H,8H2,(H,9,10)/p-1",ALYNCZNDIQEVRV-UHFFFAOYSA-M
37,Benzoate ion,,6.301,2155852-03-0,CC1(C2=C(C([O-])=O)C=CC=C2)CCO1.[Li+],,,https://doi.org/10.1016/j.chemosphere.2023.138794,carboxylic acid,Oxygenated organics,"InChI=1S/C11H12O3.Li/c1-11(6-7-14-11)9-5-3-2-4-8(9)10(12)13;/h2-5H,6-7H2,1H3,(H,12,13);/q;+1/p-1",DAPSPJFYKQXOQY-UHFFFAOYSA-M
38,4-Bromobenzoate ion,,6.8451,16887-61-9,Brc1ccc(cc1)C(=O)[O-],,,https://doi.org/10.1016/j.chemosphere.2023.138795,halogenated,Halogenated organics,"InChI=1S/C7H5BrO2/c8-6-3-1-5(2-4-6)7(9)10/h1-4H,(H,9,10)/p-1",TUXYZHVUPGXXQG-UHFFFAOYSA-M
39,4-Chlorbenzoate ion,,6.4771,14609-76-8,Clc1ccc(cc1)C(=O)[O-],,,https://doi.org/10.1016/j.chemosphere.2023.138796,halogenated,Halogenated organics,"InChI=1S/C7H5ClO2/c8-6-3-1-5(2-4-6)7(9)10/h1-4H,(H,9,10)/p-1",XRHGYUZYPHTUJZ-UHFFFAOYSA-M
40,4-Cyanobenzoate ion,,6.699,84877-66-7,N#Cc1ccc(cc1)C(=O)[O-],,,https://doi.org/10.1016/j.chemosphere.2023.138797,nitrile,Nitrogen-containing organics,"InChI=1S/C8H5NO2/c9-5-6-1-3-7(4-2-6)8(10)11/h1-4H,(H,10,11)/p-1",ADCUEPOHPCPMCE-UHFFFAOYSA-M
41,4-Hydroxybenzoate ion,,6.4472,456-23-5,C1=CC(=CC=C1C(=O)O)[O-],,,https://doi.org/10.1016/j.chemosphere.2023.138798,phenol,Oxygenated organics,"InChI=1S/C7H6O3/c8-6-3-1-5(2-4-6)7(9)10/h1-4,8H,(H,9,10)/p-1",FJKROLUGYXJWQN-UHFFFAOYSA-M
42,4-Methyoxybenzoate ion,,8.301,14609-76-8,COc1ccc(cc1)C(=O)[O-],,,https://doi.org/10.1016/j.chemosphere.2023.138799,carboxylic acid,Oxygenated organics,"InChI=1S/C8H8O3/c1-11-7-4-2-6(3-5-7)8(9)10/h2-5H,1H3,(H,9,10)/p-1",ZEYHEAKUIGZSGI-UHFFFAOYSA-M
43,4-Phenoxybenzoate ion,,8.1761,1346567-64-3,O=C(OCC1=CC=CC=C1)C2=CC=C(NC(C)C)C(OC3=CC=CC=C3)=C2,,,https://doi.org/10.1016/j.chemosphere.2023.138800,carboxylic acid,Oxygenated organics,"InChI=1S/C23H23NO3/c1-17(2)24-21-14-13-19(15-22(21)27-20-11-7-4-8-12-20)23(25)26-16-18-9-5-3-6-10-18/h3-15,17,24H,16H2,1-2H3",VRMRZOGZZQZGAC-UHFFFAOYSA-N
44,p-Terephthalate ion,,6.7782,14609-76-8,O=C([O-])c1ccc(cc1)C(=O)[O-],,,https://doi.org/10.1016/j.chemosphere.2023.138801,dicarboxylic acid,Polyfunctional / highly functionalized,"InChI=1S/C8H6O4/c9-7(10)5-1-2-6(4-3-5)8(11)12/h1-4H,(H,9,10)(H,11,12)/p-2",KKEYFWRCBNTPAC-UHFFFAOYSA-L
45,p-Toluate ion,,6.699,30591-44-7,Cc1ccc(cc1)C(=O)[O-],,,https://doi.org/10.1016/j.chemosphere.2023.138802,carboxylic acid,Oxygenated organics,"InChI=1S/C8H8O2/c1-6-2-4-7(5-3-6)8(9)10/h2-5H,1H3,(H,9,10)/p-1",LPNBBFKOUUSUDB-UHFFFAOYSA-M
46,Clofibric acid,,8.1492,72072-47-0,CC(C)(C(=O)O)OC1=CC=C(C=C1)Cl,,,https://doi.org/10.1016/j.chemosphere.2023.138803,halogenated,Halogenated organics,"InChI=1S/C10H11ClO3/c1-10(2,9(12)13)14-8-5-3-7(11)4-6-8/h3-6H,1-2H3,(H,12,13)",TXCGAZHTZHNUAI-UHFFFAOYSA-N
47,Gallic acid,,8.8768,149-91-7,C1=C(C=C(C(=C1O)O)O)C(=O)O,,,https://doi.org/10.1016/j.chemosphere.2023.138804,phenol,Oxygenated organics,"InChI=1S/C7H6O5/c8-4-1-3(7(11)12)2-5(9)6(4)10/h1-2,8-10H,(H,11,12)",LNTHITQWFMADLM-UHFFFAOYSA-N
48,Paracetamol,,8.6355,58357-81-6,CC(=O)NC1=CC=C(C=C1)O,,,https://doi.org/10.1016/j.chemosphere.2023.138805,phenol,Oxygenated organics,"InChI=1S/C8H9NO2/c1-6(10)9-7-2-4-8(11)5-3-7/h2-5,11H,1H3,(H,9,10)",RZVAJINKPMORJF-UHFFFAOYSA-N
49,Diclofenac,,9.0615,146607-19-4,C1=CC=C(C(=C1)CC(=O)O)NC2=C(C=CC=C2Cl)Cl,,,https://doi.org/10.1016/j.chemosphere.2023.138806,halogenated,Halogenated organics,"InChI=1S/C14H11Cl2NO2/c15-10-5-3-6-11(16)14(10)17-12-7-2-1-4-9(12)8-13(18)19/h1-7,17H,8H2,(H,18,19)",DCOPUUMXTXDBNB-UHFFFAOYSA-N
50,Naproxen,,8.8176,119166-66-4,C[C@@H](C1=CC2=C(C=C1)C=C(C=C2)OC)C(=O)O,,,https://doi.org/10.1016/j.chemosphere.2023.138807,carboxylic acid,Oxygenated organics,"InChI=1S/C14H14O3/c1-9(14(15)16)10-3-4-12-8-13(17-2)6-5-11(12)7-10/h3-9H,1-2H3,(H,15,16)/t9-/m0/s1",CMWTZPSULFXXJA-VIFPVBQESA-N
51,Amoxicillin,,8.6232,2088960-43-2,CC1([C@@H](N2[C@H](S1)[C@@H](C2=O)NC(=O)[C@@H](C3=CC=C(C=C3)O)N)C(=O)O)C,,,https://doi.org/10.1016/j.chemosphere.2023.138808,"sulfide, disulfide",Sulfur-containing organics,"InChI=1S/C16H19N3O5S/c1-16(2)11(15(23)24)19-13(22)10(14(19)25-16)18-12(21)9(17)7-3-5-8(20)6-4-7/h3-6,9-11,14,20H,17H2,1-2H3,(H,18,21)(H,23,24)/t9-,10-,11+,14-/m1/s1",LSQZJLSUYDQPKJ-NJBDSQKTSA-N
52,Ciprofloxacin,,8.3404,93398-92-6,C1CC1N2C=C(C(=O)C3=CC(=C(C=C32)N4CCNCC4)F)C(=O)O,,,https://doi.org/10.1016/j.chemosphere.2023.138809,halogenated,Halogenated organics,"InChI=1S/C17H18FN3O3/c18-13-7-11-14(8-15(13)20-5-3-19-4-6-20)21(10-1-2-10)9-12(16(11)22)17(23)24/h7-10,19H,1-6H2,(H,23,24)",MYSWGUAQZAJSOK-UHFFFAOYSA-N
53,Flumequine,,7.9731,42835-68-7,CC1CCC2=C3N1C=C(C(=O)C3=CC(=C2)F)C(=O)O,,,https://doi.org/10.1016/j.chemosphere.2023.138810,halogenated,Halogenated organics,"InChI=1S/C14H12FNO3/c1-7-2-3-8-4-9(15)5-10-12(8)16(7)6-11(13(10)17)14(18)19/h4-7H,2-3H2,1H3,(H,18,19)",DPSPPJIUMHPXMA-UHFFFAOYSA-N
54,Sulfanilamide,,8.6355,130249-47-7,C1=CC(=CC=C1N)S(=O)(=O)N,,,https://doi.org/10.1016/j.chemosphere.2023.138811,sulfoxide,Sulfur-containing organics,"InChI=1S/C6H8N2O2S/c7-5-1-3-6(4-2-5)11(8,9)10/h1-4H,7H2,(H2,8,9,10)",FDDDEECHVMSUSB-UHFFFAOYSA-N
55,Sulfadimethoxine,,8.6493,345936-70-1,COC1=NC(=NC(=C1)NS(=O)(=O)C2=CC=C(C=C2)N)OC,,,https://doi.org/10.1016/j.chemosphere.2023.138812,sulfoxide,Sulfur-containing organics,"InChI=1S/C12H14N4O4S/c1-19-11-7-10(14-12(15-11)20-2)16-21(17,18)9-5-3-8(13)4-6-9/h3-7H,13H2,1-2H3,(H,14,15,16)",ZZORFUFYDOWNEF-UHFFFAOYSA-N
56,Sulfadiazine,,8.6304,1219149-66-2,C1=CN=C(N=C1)NS(=O)(=O)C2=CC=C(C=C2)N,,,https://doi.org/10.1016/j.chemosphere.2023.138813,sulfoxide,Sulfur-containing organics,"InChI=1S/C10H10N4O2S/c11-8-2-4-9(5-3-8)17(15,16)14-10-12-6-1-7-13-10/h1-7H,11H2,(H,12,13,14)",SEEPANYCNGTZFQ-UHFFFAOYSA-N
57,Sulfamethazine,,8.6857,53081-02-0,CC1=CC(=NC(=N1)NS(=O)(=O)C2=CC=C(C=C2)N)C,,,https://doi.org/10.1016/j.chemosphere.2023.138814,sulfoxide,Sulfur-containing organics,"InChI=1S/C12H14N4O2S/c1-8-7-9(2)15-12(14-8)16-19(17,18)11-5-3-10(13)4-6-11/h3-7H,13H2,1-2H3,(H,14,15,16)",ASWVTGNCAZCNNR-UHFFFAOYSA-N
58,Sulfamethoxazole,,8.6739,1346603-52-8,CC1=CC(=NO1)NS(=O)(=O)C2=CC=C(C=C2)N,,,https://doi.org/10.1016/j.chemosphere.2023.138815,sulfoxide,Sulfur-containing organics,"InChI=1S/C10H11N3O3S/c1-7-6-10(12-16-7)13-17(14,15)9-4-2-8(11)3-5-9/h2-6H,11H2,1H3,(H,12,13)",JLKIGFTWXXRPMT-UHFFFAOYSA-N
59,Sulfathiazole,,8.7059,1020719-89-4,C1=CC(=CC=C1N)S(=O)(=O)NC2=NC=CS2,,,https://doi.org/10.1016/j.chemosphere.2023.138816,sulfoxide,Sulfur-containing organics,"InChI=1S/C9H9N3O2S2/c10-7-1-3-8(4-2-7)16(13,14)12-9-11-5-6-15-9/h1-6H,10H2,(H,11,12)",JNMRHUJNCSQMMB-UHFFFAOYSA-N
60,Carbamazepine,,7.6335,1189902-21-3,C1=CC=C2C(=C1)C=CC3=CC=CC=C3N2C(=O)N,,,https://doi.org/10.1016/j.chemosphere.2023.138817,urea,Nitrogen-containing organics,"InChI=1S/C15H12N2O/c16-15(18)17-13-7-3-1-5-11(13)9-10-12-6-2-4-8-14(12)17/h1-10H,(H2,16,18)",FFGPTBGBLSHEPO-UHFFFAOYSA-N
61,Clenbuterol,,8.7435,37159-31-2,CC(C)(C)NCC(C1=CC(=C(C(=C1)Cl)N)Cl)O,,,https://doi.org/10.1016/j.chemosphere.2023.138818,halogenated,Halogenated organics,"InChI=1S/C12H18Cl2N2O/c1-12(2,3)16-6-10(17)7-4-8(13)11(15)9(14)5-7/h4-5,10,16-17H,6,15H2,1-3H3",STJMRWALKKWQGH-UHFFFAOYSA-N
62,Mabuterol,,8.5416,56707-26-7,CC(C)(C)NCC(C1=CC(=C(C(=C1)Cl)N)C(F)(F)F)O,,,https://doi.org/10.1016/j.chemosphere.2023.138819,halogenated,Halogenated organics,"InChI=1S/C13H18ClF3N2O/c1-12(2,3)19-6-10(20)7-4-8(13(15,16)17)11(18)9(14)5-7/h4-5,10,19-20H,6,18H2,1-3H3",JSJCTEKTBOKRST-UHFFFAOYSA-N
63,Mesalazine,,9.1535,121887-11-4,C1=CC(=C(C=C1N)C(=O)O)O,,,https://doi.org/10.1016/j.chemosphere.2023.138820,phenol,Oxygenated organics,"InChI=1S/C7H7NO3/c8-4-1-2-6(9)5(3-4)7(10)11/h1-3,9H,8H2,(H,10,11)",KBOPZPXVLCULAV-UHFFFAOYSA-N
64,Primidone,,8.1987,125-33-7,CCC1(C(=O)NCNC1=O)C2=CC=CC=C2,,,https://doi.org/10.1016/j.chemosphere.2023.138821,amide,Nitrogen-containing organics,"InChI=1S/C12H14N2O2/c1-2-12(9-6-4-3-5-7-9)10(15)13-8-14-11(12)16/h3-7H,2,8H2,1H3,(H,13,15)(H,14,16)",DQMZLTXERSFNPB-UHFFFAOYSA-N
65,4-Chloroaniline,,8.7185,108321-68-2,C1=CC(=CC=C1N)Cl,,,https://doi.org/10.1016/j.chemosphere.2023.138822,halogenated,Halogenated organics,"InChI=1S/C6H6ClN/c7-5-1-3-6(8)4-2-5/h1-4H,8H2",QSNSCYSYFYORTR-UHFFFAOYSA-N
66,Aniline,,8.8319,179938-55-7,C1=CC=C(C=C1)N,,,https://doi.org/10.1016/j.chemosphere.2023.138823,amine,Nitrogen-containing organics,"InChI=1S/C6H7N/c7-6-4-2-1-3-5-6/h1-5H,7H2",PAYRUJLWNCNPSJ-UHFFFAOYSA-N
67,p-Toluidine,,8.9763,40825-60-3,CC1=CC=C(C=C1)N,,,https://doi.org/10.1016/j.chemosphere.2023.138824,amine,Nitrogen-containing organics,"InChI=1S/C7H9N/c1-6-2-4-7(8)5-3-6/h2-5H,8H2,1H3",RZXMPPFPUUCRFN-UHFFFAOYSA-N
68,Acetanilide,,7.301,1449-75-8,CC(=O)NC1=CC=CC=C1,,,https://doi.org/10.1016/j.chemosphere.2023.138825,amide,Nitrogen-containing organics,"InChI=1S/C8H9NO/c1-7(10)9-8-5-3-2-4-6-8/h2-6H,1H3,(H,9,10)",FZERHIULMFGESH-UHFFFAOYSA-N
69,4-Aminobenzoate ion,,9.0414,2906-33-4,C1=CC(=CC=C1C(=O)[O-])N,,,https://doi.org/10.1016/j.chemosphere.2023.138826,amine,Nitrogen-containing organics,"InChI=1S/C7H7NO2/c8-6-3-1-5(2-4-6)7(9)10/h1-4H,8H2,(H,9,10)/p-1",ALYNCZNDIQEVRV-UHFFFAOYSA-M
70,4-Amionpbenzoic,,7.3424,1797008-46-8,O=C(C1=CC=C(N2CCC(C3=CC=C(Cl)C=C3)(O)CC2)C=C1)CCCN(CC4)CCC4(C5=CC=C(Cl)C=C5)OC(CCCCCCCCC)=O,,,https://doi.org/10.1016/j.chemosphere.2023.138827,halogenated,Halogenated organics,"InChI=1S/C42H54Cl2N2O4/c1-2-3-4-5-6-7-8-11-40(48)50-42(35-16-20-37(44)21-17-35)26-29-45(30-27-42)28-9-10-39(47)33-12-22-38(23-13-33)46-31-24-41(49,25-32-46)34-14-18-36(43)19-15-34/h12-23,49H,2-11,24-32H2,1H3",HZOCPBUBWXJWHL-UHFFFAOYSA-N
71,Anilinum ion,,7.0792,14609-76-8,[NH3+]c1ccccc1,,,https://doi.org/10.1016/j.chemosphere.2023.138828,benzene,Aromatic & PAHs,"InChI=1S/C6H7N/c7-6-4-2-1-3-5-6/h1-5H,7H2/p+1",PAYRUJLWNCNPSJ-UHFFFAOYSA-O
72,4-Cyanobenzoate ion,,6.699,619-65-8,N#Cc1ccc(cc1)C(=O)[O-],,,https://doi.org/10.1016/j.chemosphere.2023.138829,nitrile,Nitrogen-containing organics,"InChI=1S/C8H5NO2/c9-5-6-1-3-7(4-2-6)8(10)11/h1-4H,(H,10,11)/p-1",ADCUEPOHPCPMCE-UHFFFAOYSA-M
73,4-Cyanophenol,,7.6021,1025089-21-7,C1=CC(=CC=C1C#N)O,,,https://doi.org/10.1016/j.chemosphere.2023.138830,phenol,Oxygenated organics,"InChI=1S/C7H5NO/c8-5-6-1-3-7(9)4-2-6/h1-4,9H",CVNOWLNNPYYEOH-UHFFFAOYSA-N
74,4-Cyanophenol,,7.6021,1025089-21-7,C1=CC(=CC=C1C#N)O,,,https://doi.org/10.1016/j.chemosphere.2023.138831,phenol,Oxygenated organics,"InChI=1S/C7H5NO/c8-5-6-1-3-7(9)4-2-6/h1-4,9H",CVNOWLNNPYYEOH-UHFFFAOYSA-N
75,Hydroquinone,,9,56924-48-2,C1=CC(=CC=C1O)O,,,https://doi.org/10.1016/j.chemosphere.2023.138832,phenol,Oxygenated organics,"InChI=1S/C6H6O2/c7-5-1-2-6(8)4-3-5/h1-4,7-8H",QIGBRXMKCJKVMJ-UHFFFAOYSA-N
76,4-Hydroxybenzoate ion,,6.4472,456-23-5,C1=CC(=CC=C1C(=O)O)[O-],,,https://doi.org/10.1016/j.chemosphere.2023.138833,phenol,Oxygenated organics,"InChI=1S/C7H6O3/c8-6-3-1-5(2-4-6)7(9)10/h1-4,8H,(H,9,10)/p-1",FJKROLUGYXJWQN-UHFFFAOYSA-M
77,4-Hydroxybenzoic acid,,8.1139,73486-75-6,C1=CC(=CC=C1C(=O)O)O,,,https://doi.org/10.1016/j.chemosphere.2023.138834,phenol,Oxygenated organics,"InChI=1S/C7H6O3/c8-6-3-1-5(2-4-6)7(9)10/h1-4,8H,(H,9,10)",FJKROLUGYXJWQN-UHFFFAOYSA-N
78,4-Hydroxycinnamic acid,,8.4624,1379415-40-3,C1=CC(=CC=C1/C=C/C(=O)O)O,,,https://doi.org/10.1016/j.chemosphere.2023.138835,carboxylic acid,Oxygenated organics,"InChI=1S/C9H8O3/c10-8-4-1-7(2-5-8)3-6-9(11)12/h1-6,10H,(H,11,12)/b6-3+",NGSWKAQJJWESNS-ZZXKWVIFSA-N
79,4-Methyoxyphenol,,9.0414,150-76-5,COc1ccc(O)cc1,,,https://doi.org/10.1016/j.chemosphere.2023.138836,phenol,Oxygenated organics,"InChI=1S/C7H8O2/c1-9-7-4-2-6(8)3-5-7/h2-5,8H,1H3",NWVVVBRKAWDGAB-UHFFFAOYSA-N
80,Phenol,,8.3979,53379-77-4,C1=CC=C(C=C1)O,,,https://doi.org/10.1016/j.chemosphere.2023.138837,phenol,Oxygenated organics,"InChI=1S/C6H6O/c7-6-4-2-1-3-5-6/h1-5,7H",ISWSIDIOOBJBQZ-UHFFFAOYSA-N
81,Salicylic acid,,8.0414,1189678-81-6,C1=CC=C(C(=C1)C(=O)O)O,,,https://doi.org/10.1016/j.chemosphere.2023.138838,phenol,Oxygenated organics,"InChI=1S/C7H6O3/c8-6-4-2-1-3-5(6)7(9)10/h1-4,8H,(H,9,10)",YGSDEFSMJLZEOE-UHFFFAOYSA-N
82,Paracetamol,,8.6355,58357-81-6,CC(=O)NC1=CC=C(C=C1)O,,,https://doi.org/10.1016/j.chemosphere.2023.138839,phenol,Oxygenated organics,"InChI=1S/C8H9NO2/c1-6(10)9-7-2-4-8(11)5-3-7/h2-5,11H,1H3,(H,9,10)",RZVAJINKPMORJF-UHFFFAOYSA-N
83,Amoxicillin,,8.6233,2088960-43-2,CC1([C@@H](N2[C@H](S1)[C@@H](C2=O)NC(=O)[C@@H](C3=CC=C(C=C3)O)N)C(=O)O)C,,,https://doi.org/10.1016/j.chemosphere.2023.138840,"sulfide, disulfide",Sulfur-containing organics,"InChI=1S/C16H19N3O5S/c1-16(2)11(15(23)24)19-13(22)10(14(19)25-16)18-12(21)9(17)7-3-5-8(20)6-4-7/h3-6,9-11,14,20H,17H2,1-2H3,(H,18,21)(H,23,24)/t9-,10-,11+,14-/m1/s1",LSQZJLSUYDQPKJ-NJBDSQKTSA-N
84,Oxytetracycline,,8.9713,8017-33-2,C[C@@]1([C@H]2[C@@H]([C@H]3[C@@H](C(=O)C(=C([C@]3(C(=O)C2=C(C4=C1C=CC=C4O)O)O)O)C(=O)N)N(C)C)O)O,,,https://doi.org/10.1016/j.chemosphere.2023.138841,phenol,Oxygenated organics,"InChI=1S/C22H24N2O9/c1-21(32)7-5-4-6-8(25)9(7)15(26)10-12(21)17(28)13-14(24(2)3)16(27)11(20(23)31)19(30)22(13,33)18(10)29/h4-6,12-14,17,25-26,28,30,32-33H,1-3H3,(H2,23,31)/t12-,13-,14+,17+,21-,22+/m1/s1",OWFJMIVZYSDULZ-PXOLEDIWSA-N
85,Chlortetracycline,,8.9294,51209-76-8,C[C@@]1([C@H]2C[C@H]3[C@@H](C(=O)C(=C([C@]3(C(=O)C2=C(C4=C(C=CC(=C41)Cl)O)O)O)O)C(=O)N)N(C)C)O,,,https://doi.org/10.1016/j.chemosphere.2023.138842,halogenated,Halogenated organics,"InChI=1S/C22H23ClN2O8/c1-21(32)7-6-8-15(25(2)3)17(28)13(20(24)31)19(30)22(8,33)18(29)11(7)16(27)12-10(26)5-4-9(23)14(12)21/h4-5,7-8,15,26-27,30,32-33H,6H2,1-3H3,(H2,24,31)/t7-,8-,15-,21-,22-/m0/s1",DHPRQBPJLMKORJ-XRNKAMNCSA-N
86,Tetracycline,,9.0719,84187-37-1,C[C@@]1([C@H]2C[C@H]3[C@@H](C(=O)C(=C([C@]3(C(=O)C2=C(C4=C1C=CC=C4O)O)O)O)C(=O)N)N(C)C)O,,,https://doi.org/10.1016/j.chemosphere.2023.138843,phenol,Oxygenated organics,"InChI=1S/C22H24N2O8/c1-21(31)8-5-4-6-11(25)12(8)16(26)13-9(21)7-10-15(24(2)3)17(27)14(20(23)30)19(29)22(10,32)18(13)28/h4-6,9-10,15,25-26,29,31-32H,7H2,1-3H3,(H2,23,30)/t9-,10-,15-,21+,22-/m0/s1",NWXMGUDVXFXRIG-WESIUVDSSA-N
87,Triclosan,,8.3945,1020720-00-6,C1=CC(=C(C=C1Cl)O)OC2=C(C=C(C=C2)Cl)Cl,,,https://doi.org/10.1016/j.chemosphere.2023.138844,halogenated,Halogenated organics,"InChI=1S/C12H7Cl3O2/c13-7-1-3-11(9(15)5-7)17-12-4-2-8(14)6-10(12)16/h1-6,16H",XEFQLINVKFYRCS-UHFFFAOYSA-N
88,Terbutaline,,9.081,28924-20-1,CC(C)(C)NCC(C1=CC(=CC(=C1)O)O)O,,,https://doi.org/10.1016/j.chemosphere.2023.138845,phenol,Oxygenated organics,"InChI=1S/C12H19NO3/c1-12(2,3)13-7-11(16)8-4-9(14)6-10(15)5-8/h4-6,11,13-16H,7H2,1-3H3",XWTYSIMOBUGWOL-UHFFFAOYSA-N
89,Mesalazine,,9.1535,121887-11-4,C1=CC(=C(C=C1N)C(=O)O)O,,,https://doi.org/10.1016/j.chemosphere.2023.138846,phenol,Oxygenated organics,"InChI=1S/C7H7NO3/c8-4-1-2-6(9)5(3-4)7(10)11/h1-3,9H,8H2,(H,10,11)",KBOPZPXVLCULAV-UHFFFAOYSA-N
90,Salbutamol,,8.48,238762-34-0,CC(C)(C)NCC(C1=CC(=C(C=C1)O)CO)O,,,https://doi.org/10.1016/j.chemosphere.2023.138847,phenol,Oxygenated organics,"InChI=1S/C13H21NO3/c1-13(2,3)14-7-12(17)9-4-5-11(16)10(6-9)8-15/h4-6,12,14-17H,7-8H2,1-3H3",NDAUXUAQIAJITI-UHFFFAOYSA-N
91,Estrone,,8.5635,53-16-7,C[C@]12CC[C@H]3[C@H]([C@@H]1CCC2=O)CCC4=C3C=CC(=C4)O,,,https://doi.org/10.1016/j.chemosphere.2023.138848,phenol,Oxygenated organics,"InChI=1S/C18H22O2/c1-18-9-8-14-13-5-3-12(19)10-11(13)2-4-15(14)16(18)6-7-17(18)20/h3,5,10,14-16,19H,2,4,6-9H2,1H3/t14-,15-,16+,18+/m1/s1",DNXHEGUUPJUMQT-CBZIJGRNSA-N
92,Estradiol,,8.5977,350818-73-4,C[C@]12CC[C@H]3[C@H]([C@@H]1CC[C@@H]2O)CCC4=C3C=CC(=C4)O,,,https://doi.org/10.1016/j.chemosphere.2023.138849,phenol,Oxygenated organics,"InChI=1S/C18H24O2/c1-18-9-8-14-13-5-3-12(19)10-11(13)2-4-15(14)16(18)6-7-17(18)20/h3,5,10,14-17,19-20H,2,4,6-9H2,1H3/t14-,15-,16+,17+,18+/m1/s1",VOXZDWNPVJITMN-ZBRFXRBCSA-N
93,Ethinyl estradiol,,8.5977,170475-05-5,C[C@]12CC[C@H]3[C@H]([C@@H]1CC[C@]2(C#C)O)CCC4=C3C=CC(=C4)O,,,https://doi.org/10.1016/j.chemosphere.2023.138850,phenol,Oxygenated organics,"InChI=1S/C20H24O2/c1-3-20(22)11-9-18-17-6-4-13-12-14(21)5-7-15(13)16(17)8-10-19(18,20)2/h1,5,7,12,16-18,21-22H,4,6,8-11H2,2H3/t16-,17-,18+,19+,20+/m1/s1",BFPYWIDHMRZLRN-SLHNCBLASA-N
94,Bisphenol A,,8.7649,68440-77-7,CC(C)(C1=CC=C(C=C1)O)C2=CC=C(C=C2)O,,,https://doi.org/10.1016/j.chemosphere.2023.138851,phenol,Oxygenated organics,"InChI=1S/C15H16O2/c1-15(2,11-3-7-13(16)8-4-11)12-5-9-14(17)10-6-12/h3-10,16-17H,1-2H3",IISBACLAFKSPIT-UHFFFAOYSA-N
95,Methylparaben,,8.2068,222545-59-7,COC(=O)C1=CC=C(C=C1)O,,,https://doi.org/10.1016/j.chemosphere.2023.138852,phenol,Oxygenated organics,"InChI=1S/C8H8O3/c1-11-8(10)6-2-4-7(9)5-3-6/h2-5,9H,1H3",LXCFILQKKLGQFO-UHFFFAOYSA-N
96,Nonylphenol,,8.5623,84852-15-3,CCCCCCCCCC1=CC=CC=C1O,,,https://doi.org/10.1016/j.chemosphere.2023.138853,phenol,Oxygenated organics,"InChI=1S/C15H24O/c1-2-3-4-5-6-7-8-11-14-12-9-10-13-15(14)16/h9-10,12-13,16H,2-8,11H2,1H3",SNQQPOLDUKLAAF-UHFFFAOYSA-N
97,4-Methylcatechol,,9.0734,1219803-18-5,CC1=CC(=C(C=C1)O)O,,,https://doi.org/10.1016/j.chemosphere.2023.138854,phenol,Oxygenated organics,"InChI=1S/C7H8O2/c1-5-2-3-6(8)7(9)4-5/h2-4,8-9H,1H3",ZBCATMYQYDCTIZ-UHFFFAOYSA-N
98,Pyrocatechol,,8.7528,3117-41-7,C1=CC=C(C(=C1)O)O,,,https://doi.org/10.1016/j.chemosphere.2023.138855,phenol,Oxygenated organics,"InChI=1S/C6H6O2/c7-5-3-1-2-4-6(5)8/h1-4,7-8H",YCIMNLLNPGFGHC-UHFFFAOYSA-N
99,Protocatechuic acid,,8.7709,868827-97-8,C1=CC(=C(C=C1C(=O)O)O)O,,,https://doi.org/10.1016/j.chemosphere.2023.138856,carboxylic acid,Oxygenated organics,"InChI=1S/C7H6O4/c8-5-2-1-4(7(10)11)3-6(5)9/h1-3,8-9H,(H,10,11)",YQUVCSBJEUQKSH-UHFFFAOYSA-N
100,Gallic acid,,8.8768,149-91-7,C1=C(C=C(C(=C1O)O)O)C(=O)O,,,https://doi.org/10.1016/j.chemosphere.2023.138857,phenol,Oxygenated organics,"InChI=1S/C7H6O5/c8-4-1-3(7(11)12)2-5(9)6(4)10/h1-2,8-10H,(H,11,12)",LNTHITQWFMADLM-UHFFFAOYSA-N
101,4-Methyoxybenzoate ion,,8.301,100-09-4,COc1ccc(cc1)C(=O)[O-],,,https://doi.org/10.1016/j.chemosphere.2023.138858,carboxylic acid,Oxygenated organics,"InChI=1S/C8H8O3/c1-11-7-4-2-6(3-5-7)8(9)10/h2-5H,1H3,(H,9,10)/p-1",ZEYHEAKUIGZSGI-UHFFFAOYSA-M
102,4-Methyoxyphenol,,9.0414,150-76-5,COc1ccc(O)cc1,,,https://doi.org/10.1016/j.chemosphere.2023.138859,phenol,Oxygenated organics,"InChI=1S/C7H8O2/c1-9-7-4-2-6(8)3-5-7/h2-5,8H,1H3",NWVVVBRKAWDGAB-UHFFFAOYSA-N
103,4-Phenoxybenzoate ion,,8.1761,1346567-64-3,O=C(OCC1=CC=CC=C1)C2=CC=C(NC(C)C)C(OC3=CC=CC=C3)=C2,,,https://doi.org/10.1016/j.chemosphere.2023.138860,carboxylic acid,Oxygenated organics,"InChI=1S/C23H23NO3/c1-17(2)24-21-14-13-19(15-22(21)27-20-11-7-4-8-12-20)23(25)26-16-18-9-5-3-6-10-18/h3-15,17,24H,16H2,1-2H3",VRMRZOGZZQZGAC-UHFFFAOYSA-N
104,Aspirin,,7.3617,69453-66-3,CC(=O)OC1=CC=CC=C1C(=O)O,,,https://doi.org/10.1016/j.chemosphere.2023.138861,carboxylic acid,Oxygenated organics,"InChI=1S/C9H8O4/c1-6(10)13-8-5-3-2-4-7(8)9(11)12/h2-5H,1H3,(H,11,12)",BSYNRYMUTXBXSQ-UHFFFAOYSA-N
105,Indomethacin,,8.6981,5354-81-4,CC1=C(C2=C(N1C(=O)C3=CC=C(C=C3)Cl)C=CC(=C2)OC)CC(=O)O,,,https://doi.org/10.1016/j.chemosphere.2023.138862,halogenated,Halogenated organics,"InChI=1S/C19H16ClNO4/c1-11-15(10-18(22)23)16-9-14(25-2)7-8-17(16)21(11)19(24)12-3-5-13(20)6-4-12/h3-9H,10H2,1-2H3,(H,22,23)",CGIGDMFJXJATDK-UHFFFAOYSA-N
106,Atenolol,,8.6138,1202864-50-3,CC(C)NCC(COC1=CC=C(C=C1)CC(=O)N)O,,,https://doi.org/10.1016/j.chemosphere.2023.138863,amide,Nitrogen-containing organics,"InChI=1S/C14H22N2O3/c1-10(2)16-8-12(17)9-19-13-5-3-11(4-6-13)7-14(15)18/h3-6,10,12,16-17H,7-9H2,1-2H3,(H2,15,18)",METKIMKYRPQLGS-UHFFFAOYSA-N
107,Metoprolol,,8.705,959786-79-9,CC(C)NCC(COC1=CC=C(C=C1)CCOC)O,,,https://doi.org/10.1016/j.chemosphere.2023.138864,amine,Nitrogen-containing organics,"InChI=1S/C15H25NO3/c1-12(2)16-10-14(17)11-19-15-6-4-13(5-7-15)8-9-18-3/h4-7,12,14,16-17H,8-11H2,1-3H3",IUBSYMUCCVWXPE-UHFFFAOYSA-N
108,Propranolol,,9.2507,127202-03-3,CC(C)NCC(COC1=CC=CC2=CC=CC=C21)O,,,https://doi.org/10.1016/j.chemosphere.2023.138865,amine,Nitrogen-containing organics,"InChI=1S/C16H21NO2/c1-12(2)17-10-14(18)11-19-16-9-5-7-13-6-3-4-8-15(13)16/h3-9,12,14,17-18H,10-11H2,1-2H3",AQHHHDLHHXJYJD-UHFFFAOYSA-N
109,Gemfibrozil,,8.4579,86837-66-3,CC1=CC(=C(C=C1)C)OCCCC(C)(C)C(=O)O,,,https://doi.org/10.1016/j.chemosphere.2023.138866,carboxylic acid,Oxygenated organics,"InChI=1S/C15H22O3/c1-11-6-7-12(2)13(10-11)18-9-5-8-15(3,4)14(16)17/h6-7,10H,5,8-9H2,1-4H3,(H,16,17)",HEMJJKBWTPKOJG-UHFFFAOYSA-N
110,Trimethoprim,,9.2737,304671-81-6,COC1=CC(=CC(=C1OC)OC)CC2=CN=C(N=C2N)N,,,https://doi.org/10.1016/j.chemosphere.2023.138867,amine,Nitrogen-containing organics,"InChI=1S/C14H18N4O3/c1-19-10-5-8(6-11(20-2)12(10)21-3)4-9-7-17-14(16)18-13(9)15/h5-7H,4H2,1-3H3,(H4,15,16,17,18)",IEDVJHCEMCRBQM-UHFFFAOYSA-N
111,Venlafaxine,,8.5539,940297-06-3,CN(C)CC(C1=CC=C(C=C1)OC)C2(CCCCC2)O,,,https://doi.org/10.1016/j.chemosphere.2023.138868,amine,Nitrogen-containing organics,"InChI=1S/C17H27NO2/c1-18(2)13-16(17(19)11-5-4-6-12-17)14-7-9-15(20-3)10-8-14/h7-10,16,19H,4-6,11-13H2,1-3H3",PNVNVHUZROJLTJ-UHFFFAOYSA-N
112,Dimethyl phthalate,,7.1461,198283-80-6,COC(=O)C1=CC=CC=C1C(=O)OC,,,https://doi.org/10.1016/j.chemosphere.2023.138869,ester,Oxygenated organics,"InChI=1S/C10H10O4/c1-13-9(11)7-5-3-4-6-8(7)10(12)14-2/h3-6H,1-2H3",NIQCNGHVCWTJSM-UHFFFAOYSA-N
113,Diethyl phthalate,,7.0414,1817006-92-0,CCOC(=O)C1=CC=CC=C1C(=O)OCC,,,https://doi.org/10.1016/j.chemosphere.2023.138870,ester,Oxygenated organics,"InChI=1S/C12H14O4/c1-3-15-11(13)9-7-5-6-8-10(9)12(14)16-4-2/h5-8H,3-4H2,1-2H3",FLKPEMZONWLCSK-UHFFFAOYSA-N
114,Dibutyl phthalate,,7.0414,93952-11-5,CCCCOC(=O)C1=CC=CC=C1C(=O)OCCCC,,,https://doi.org/10.1016/j.chemosphere.2023.138871,ester,Oxygenated organics,"InChI=1S/C16H22O4/c1-3-5-11-19-15(17)13-9-7-8-10-14(13)16(18)20-12-6-4-2/h7-10H,3-6,11-12H2,1-2H3",DOIRQSBPFJWKBE-UHFFFAOYSA-N
115,4-Nitroanisole,,7.3979,1805556-65-3,COC1=CC=C(C=C1)[N+](=O)[O-],,,https://doi.org/10.1016/j.chemosphere.2023.138872,nitro,Nitrogen-containing organics,"InChI=1S/C7H7NO3/c1-11-7-4-2-6(3-5-7)8(9)10/h2-5H,1H3",BNUHAJGCKIQFGE-UHFFFAOYSA-N
116,Anisole,,8.2095,342-33-6,COC1=CC=CC=C1,,,https://doi.org/10.1016/j.chemosphere.2023.138873,ether,Oxygenated organics,"InChI=1S/C7H8O/c1-8-7-5-3-2-4-6-7/h2-6H,1H3",RDOXTESZEPMUJZ-UHFFFAOYSA-N
117,"1,3,5-Trimethoxybenzene",,9.416,79173-14-1,COC1=CC(=CC(=C1)OC)OC,,,https://doi.org/10.1016/j.chemosphere.2023.138874,ether,Oxygenated organics,"InChI=1S/C9H12O3/c1-10-7-4-8(11-2)6-9(5-7)12-3/h4-6H,1-3H3",LKUDPHPHKOZXCD-UHFFFAOYSA-N
118,Bezafibrate,,8.5105,153758-85-1,CC(C)(C(=O)O)OC1=CC=C(C=C1)CCNC(=O)C2=CC=C(C=C2)Cl,,,https://doi.org/10.1016/j.chemosphere.2023.138875,halogenated,Halogenated organics,"InChI=1S/C19H20ClNO4/c1-19(2,18(23)24)25-16-9-3-13(4-10-16)11-12-21-17(22)14-5-7-15(20)8-6-14/h3-10H,11-12H2,1-2H3,(H,21,22)(H,23,24)",IIBYAHWJQTYFKB-UHFFFAOYSA-N
119,Clofibric acid,,8.1492,72072-47-0,CC(C)(C(=O)O)OC1=CC=C(C=C1)Cl,,,https://doi.org/10.1016/j.chemosphere.2023.138876,halogenated,Halogenated organics,"InChI=1S/C10H11ClO3/c1-10(2,9(12)13)14-8-5-3-7(11)4-6-8/h3-6H,1-2H3,(H,12,13)",TXCGAZHTZHNUAI-UHFFFAOYSA-N
120,acetaminophen,432000000,8.635483747,462631-86-3,CC(=O)NC1=CC=C(C=C1)O,7,,https://doi.org/10.1021/acs.est.9b02462,phenol,Oxygenated organics,"InChI=1S/C8H9NO2/c1-6(10)9-7-2-4-8(11)5-3-7/h2-5,11H,1H3,(H,9,10)",RZVAJINKPMORJF-UHFFFAOYSA-N
121,aspirin,23000000,7.361727836,69453-66-3,CC(=O)OC1=CC=CC=C1C(=O)O,7,,https://doi.org/10.1021/acs.est.9b02462,carboxylic acid,Oxygenated organics,"InChI=1S/C9H8O4/c1-6(10)13-8-5-3-2-4-7(8)9(11)12/h2-5H,1H3,(H,11,12)",BSYNRYMUTXBXSQ-UHFFFAOYSA-N
122,diclofenac,1154000000,9.062205809,146607-19-4,C1=CC=C(C(=C1)CC(=O)O)NC2=C(C=CC=C2Cl)Cl,7,,https://doi.org/10.1021/acs.est.9b02462,halogenated,Halogenated organics,"InChI=1S/C14H11Cl2NO2/c15-10-5-3-6-11(16)14(10)17-12-7-2-1-4-9(12)8-13(18)19/h1-7,17H,8H2,(H,18,19)",DCOPUUMXTXDBNB-UHFFFAOYSA-N
123,ibuprofen,5000000,6.698970004,462631-86-3,CC(C)CC1=CC=C(C=C1)C(C)C(=O)O,7,,https://doi.org/10.1021/acs.est.9b02462,carboxylic acid,Oxygenated organics,"InChI=1S/C13H18O2/c1-9(2)8-11-4-6-12(7-5-11)10(3)13(14)15/h4-7,9-10H,8H2,1-3H3,(H,14,15)",HEFNNWSXXWATRW-UHFFFAOYSA-N
124,indomethacin,499000000,8.698100546,5354-81-4,CC1=C(C2=C(N1C(=O)C3=CC=C(C=C3)Cl)C=CC(=C2)OC)CC(=O)O,7,,https://doi.org/10.1021/acs.est.9b02462,halogenated,Halogenated organics,"InChI=1S/C19H16ClNO4/c1-11-15(10-18(22)23)16-9-14(25-2)7-8-17(16)21(11)19(24)12-3-5-13(20)6-4-12/h3-9H,10H2,1-2H3,(H,22,23)",CGIGDMFJXJATDK-UHFFFAOYSA-N
125,naproxen,657000000,8.81756537,119166-66-4,C[C@@H](C1=CC2=C(C=C1)C=C(C=C2)OC)C(=O)O,7,,https://doi.org/10.1021/acs.est.9b02462,carboxylic acid,Oxygenated organics,"InChI=1S/C14H14O3/c1-9(14(15)16)10-3-4-12-8-13(17-2)6-5-11(12)7-10/h3-9H,1-2H3,(H,15,16)/t9-/m0/s1",CMWTZPSULFXXJA-VIFPVBQESA-N
126,atenolol,411000000,8.613841822,1202864-50-3,CC(C)NCC(COC1=CC=C(C=C1)CC(=O)N)O,7,,https://doi.org/10.1021/acs.est.9b02462,amide,Nitrogen-containing organics,"InChI=1S/C14H22N2O3/c1-10(2)16-8-12(17)9-19-13-5-3-11(4-6-13)7-14(15)18/h3-6,10,12,16-17H,7-9H2,1-2H3,(H2,15,18)",METKIMKYRPQLGS-UHFFFAOYSA-N
127,metoprolol,507000000,8.705007959,959786-79-9,CC(C)NCC(COC1=CC=C(C=C1)CCOC)O,7,,https://doi.org/10.1021/acs.est.9b02462,amine,Nitrogen-containing organics,"InChI=1S/C15H25NO3/c1-12(2)16-10-14(17)11-19-15-6-4-13(5-7-15)8-9-18-3/h4-7,12,14,16-17H,8-11H2,1-3H3",IUBSYMUCCVWXPE-UHFFFAOYSA-N
128,propranolol,1781000000,9.250663919,127202-03-3,CC(C)NCC(COC1=CC=CC2=CC=CC=C21)O,7,,https://doi.org/10.1021/acs.est.9b02462,amine,Nitrogen-containing organics,"InChI=1S/C16H21NO2/c1-12(2)17-10-14(18)11-19-16-9-5-7-13-6-3-4-8-15(13)16/h3-9,12,14,17-18H,10-11H2,1-2H3",AQHHHDLHHXJYJD-UHFFFAOYSA-N
129,amoxicillin,420000000,8.62324929,2088960-43-2,CC1([C@@H](N2[C@H](S1)[C@@H](C2=O)NC(=O)[C@@H](C3=CC=C(C=C3)O)N)C(=O)O)C,7,,https://doi.org/10.1021/acs.est.9b02462,"sulfide, disulfide",Sulfur-containing organics,"InChI=1S/C16H19N3O5S/c1-16(2)11(15(23)24)19-13(22)10(14(19)25-16)18-12(21)9(17)7-3-5-8(20)6-4-7/h3-6,9-11,14,20H,17H2,1-2H3,(H,18,21)(H,23,24)/t9-,10-,11+,14-/m1/s1",LSQZJLSUYDQPKJ-NJBDSQKTSA-N
130,cefotaxime,491000000,8.691081492,65715-12-0,CC(=O)OCC1=C(N2[C@@H]([C@@H](C2=O)NC(=O)/C(=N\OC)/C3=CSC(=N3)N)SC1)C(=O)O,7,,https://doi.org/10.1021/acs.est.9b02462,"sulfide, disulfide",Sulfur-containing organics,"InChI=1S/C16H17N5O7S2/c1-6(22)28-3-7-4-29-14-10(13(24)21(14)11(7)15(25)26)19-12(23)9(20-27-2)8-5-30-16(17)18-8/h5,10,14H,3-4H2,1-2H3,(H2,17,18)(H,19,23)(H,25,26)/b20-9-/t10-,14-/m1/s1",GPRBEKHLDVQUJE-QSWIMTSFSA-N
131,cephalexin,506000000,8.704150517,2101505-56-8,CC1=C(N2[C@@H]([C@@H](C2=O)NC(=O)[C@@H](C3=CC=CC=C3)N)SC1)C(=O)O,7,,https://doi.org/10.1021/acs.est.9b02462,"sulfide, disulfide",Sulfur-containing organics,"InChI=1S/C16H17N3O4S/c1-8-7-24-15-11(14(21)19(15)12(8)16(22)23)18-13(20)10(17)9-5-3-2-4-6-9/h2-6,10-11,15H,7,17H2,1H3,(H,18,20)(H,22,23)/t10-,11-,15-/m1/s1",ZAIPMKNFIOOWCQ-UEKVPHQBSA-N
132,cefaclor,368000000,8.565847819,2747959-02-8,C1C(=C(N2[C@H](S1)[C@@H](C2=O)NC(=O)[C@@H](C3=CC=CC=C3)N)C(=O)O)Cl,7,,https://doi.org/10.1021/acs.est.9b02462,halogenated,Halogenated organics,"InChI=1S/C15H14ClN3O4S/c16-8-6-24-14-10(13(21)19(14)11(8)15(22)23)18-12(20)9(17)7-4-2-1-3-5-7/h1-5,9-10,14H,6,17H2,(H,18,20)(H,22,23)/t9-,10-,14-/m1/s1",QYIYFLOTGYLRGG-GPCCPHFNSA-N
133,penicillin G,330000000,8.51851394,8069-87-2,CC1([C@@H](N2[C@H](S1)[C@@H](C2=O)NC(=O)CC3=CC=CC=C3)C(=O)O)C,7,,https://doi.org/10.1021/acs.est.9b02462,"sulfide, disulfide",Sulfur-containing organics,"InChI=1S/C16H18N2O4S/c1-16(2)12(15(21)22)18-13(20)11(14(18)23-16)17-10(19)8-9-6-4-3-5-7-9/h3-7,11-12,14H,8H2,1-2H3,(H,17,19)(H,21,22)/t11-,12+,14-/m1/s1",JGSARLDLIJGVTE-MBNYWOFBSA-N
134,penicillin V,336000000,8.526339277,148680-07-3,CC1([C@@H](N2[C@H](S1)[C@@H](C2=O)NC(=O)COC3=CC=CC=C3)C(=O)O)C,7,,https://doi.org/10.1021/acs.est.9b02462,"sulfide, disulfide",Sulfur-containing organics,"InChI=1S/C16H18N2O5S/c1-16(2)12(15(21)22)18-13(20)11(14(18)24-16)17-10(19)8-23-9-6-4-3-5-7-9/h3-7,11-12,14H,8H2,1-2H3,(H,17,19)(H,21,22)/t11-,12+,14-/m1/s1",BPLBGHOLXOTWMN-MBNYWOFBSA-N
135,ciprofloxacin,219000000,8.340444115,93398-92-6,C1CC1N2C=C(C(=O)C3=CC(=C(C=C32)N4CCNCC4)F)C(=O)O,7,,https://doi.org/10.1021/acs.est.9b02462,halogenated,Halogenated organics,"InChI=1S/C17H18FN3O3/c18-13-7-11-14(8-15(13)20-5-3-19-4-6-20)21(10-1-2-10)9-12(16(11)22)17(23)24/h7-10,19H,1-6H2,(H,23,24)",MYSWGUAQZAJSOK-UHFFFAOYSA-N
136,enrofloxacin,327000000,8.514547753,1219795-24-0,CCN1CCN(CC1)C2=C(C=C3C(=C2)N(C=C(C3=O)C(=O)O)C4CC4)F,7,,https://doi.org/10.1021/acs.est.9b02462,halogenated,Halogenated organics,"InChI=1S/C19H22FN3O3/c1-2-21-5-7-22(8-6-21)17-10-16-13(9-15(17)20)18(24)14(19(25)26)11-23(16)12-3-4-12/h9-12H,2-8H2,1H3,(H,25,26)",SPFYMRJSYKOXGV-UHFFFAOYSA-N
137,flumequine,94000000,7.973127854,42835-68-7,CC1CCC2=C3N1C=C(C(=O)C3=CC(=C2)F)C(=O)O,7,,https://doi.org/10.1021/acs.est.9b02462,halogenated,Halogenated organics,"InChI=1S/C14H12FNO3/c1-7-2-3-8-4-9(15)5-10-12(8)16(7)6-11(13(10)17)14(18)19/h4-7H,2-3H2,1H3,(H,18,19)",DPSPPJIUMHPXMA-UHFFFAOYSA-N
138,ofloxacin,348000000,8.541579244,97791-27-0,CC1COC2=C3N1C=C(C(=O)C3=CC(=C2N4CCN(CC4)C)F)C(=O)O,7,,https://doi.org/10.1021/acs.est.9b02462,halogenated,Halogenated organics,"InChI=1S/C18H20FN3O4/c1-10-9-26-17-14-11(16(23)12(18(24)25)8-22(10)14)7-13(19)15(17)21-5-3-20(2)4-6-21/h7-8,10H,3-6,9H2,1-2H3,(H,24,25)",GSDSWSVVBLHKDQ-UHFFFAOYSA-N
139,azithromycin,5000000,6.698970004,756825-20-4,CC[C@@H]1[C@@]([C@@H]([C@H](N(C[C@@H](C[C@@]([C@@H]([C@H]([C@@H]([C@H](C(=O)O1)C)O[C@H]2C[C@@]([C@H]([C@@H](O2)C)O)(C)OC)C)O[C@H]3[C@@H]([C@H](C[C@H](O3)C)N(C)C)O)(C)O)C)C)C)O)(C)O,7,,https://doi.org/10.1021/acs.est.9b02462,amine,Nitrogen-containing organics,"InChI=1S/C38H72N2O12/c1-15-27-38(10,46)31(42)24(6)40(13)19-20(2)17-36(8,45)33(52-35-29(41)26(39(11)12)16-21(3)48-35)22(4)30(23(5)34(44)50-27)51-28-18-37(9,47-14)32(43)25(7)49-28/h20-33,35,41-43,45-46H,15-19H2,1-14H3/t20-,21-,22+,23-,24-,25+,26+,27-,28+,29-,30+,31-,32+,33-,35+,36-,37-,38-/m1/s1",MQTOSJVFKKJCRP-BICOPXKESA-N
140,erythromycin,5000000,6.698970004,40554-78-7,CC[C@@H]1[C@@]([C@@H]([C@H](C(=O)[C@@H](C[C@@]([C@@H]([C@H]([C@@H]([C@H](C(=O)O1)C)O[C@H]2C[C@@]([C@H]([C@@H](O2)C)O)(C)OC)C)O[C@H]3[C@@H]([C@H](C[C@H](O3)C)N(C)C)O)(C)O)C)C)O)(C)O,7,,https://doi.org/10.1021/acs.est.9b02462,amine,Nitrogen-containing organics,"InChI=1S/C37H67NO13/c1-14-25-37(10,45)30(41)20(4)27(39)18(2)16-35(8,44)32(51-34-28(40)24(38(11)12)15-19(3)47-34)21(5)29(22(6)33(43)49-25)50-26-17-36(9,46-13)31(42)23(7)48-26/h18-26,28-32,34,40-42,44-45H,14-17H2,1-13H3/t18-,19-,20+,21+,22-,23+,24+,25-,26+,28-,29+,30-,31+,32-,34+,35-,36-,37-/m1/s1",ULGZDMOVFRHVEP-RWJQBGPGSA-N
141,erythromycin,5000000,6.698970004,40554-78-7,CC[C@@H]1[C@@]([C@@H]([C@H](C(=O)[C@@H](C[C@@]([C@@H]([C@H]([C@@H]([C@H](C(=O)O1)C)O[C@H]2C[C@@]([C@H]([C@@H](O2)C)O)(C)OC)C)O[C@H]3[C@@H]([C@H](C[C@H](O3)C)N(C)C)O)(C)O)C)C)O)(C)O,7,,https://doi.org/10.1021/acs.est.9b02462,amine,Nitrogen-containing organics,"InChI=1S/C37H67NO13/c1-14-25-37(10,45)30(41)20(4)27(39)18(2)16-35(8,44)32(51-34-28(40)24(38(11)12)15-19(3)47-34)21(5)29(22(6)33(43)49-25)50-26-17-36(9,46-13)31(42)23(7)48-26/h18-26,28-32,34,40-42,44-45H,14-17H2,1-13H3/t18-,19-,20+,21+,22-,23+,24+,25-,26+,28-,29+,30-,31+,32-,34+,35-,36-,37-/m1/s1",ULGZDMOVFRHVEP-RWJQBGPGSA-N
142,tylosin,46000000,7.662757832,74610-55-2,CC[C@@H]1[C@H](/C=C(/C=C/C(=O)[C@@H](C[C@@H]([C@@H]([C@H]([C@@H](CC(=O)O1)O)C)O[C@H]2[C@@H]([C@H]([C@@H]([C@H](O2)C)O[C@H]3C[C@@]([C@H]([C@@H](O3)C)O)(C)O)N(C)C)O)CC=O)C)\C)CO[C@H]4[C@@H]([C@@H]([C@@H]([C@H](O4)C)O)OC)OC,7,,https://doi.org/10.1021/acs.est.9b02462,amine,Nitrogen-containing organics,"InChI=1S/C46H77NO17/c1-13-33-30(22-58-45-42(57-12)41(56-11)37(52)26(5)60-45)18-23(2)14-15-31(49)24(3)19-29(16-17-48)39(25(4)32(50)20-34(51)62-33)64-44-38(53)36(47(9)10)40(27(6)61-44)63-35-21-46(8,55)43(54)28(7)59-35/h14-15,17-18,24-30,32-33,35-45,50,52-55H,13,16,19-22H2,1-12H3/b15-14+,23-18+/t24-,25+,26-,27-,28+,29+,30-,32-,33-,35+,36-,37-,38-,39-,40-,41-,42-,43+,44+,45-,46-/m1/s1",WBPYTXDJUQJLPQ-VMXQISHHSA-N
143,dimetridazole,84000000,7.924279286,64678-69-9,CC1=NC=C(N1C)[N+](=O)[O-],7,,https://doi.org/10.1021/acs.est.9b02462,imidazole,Heterocycles,"InChI=1S/C5H7N3O2/c1-4-6-3-5(7(4)2)8(9)10/h3H,1-2H3",IBXPYPUJPLLOIN-UHFFFAOYSA-N
144,metronidazole,124000000,8.093421685,13182-89-3,CC1=NC=C(N1CCO)[N+](=O)[O-],7,,https://doi.org/10.1021/acs.est.9b02462,imidazole,Heterocycles,"InChI=1S/C6H9N3O3/c1-5-7-4-6(9(11)12)8(5)2-3-10/h4,10H,2-3H2,1H3",VAOCPAMSLUNLGC-UHFFFAOYSA-N
145,ornidazole,93000000,7.968482949,2389060-45-9,CC1=NC=C(N1CC(CCl)O)[N+](=O)[O-],7,,https://doi.org/10.1021/acs.est.9b02462,halogenated,Halogenated organics,"InChI=1S/C7H10ClN3O3/c1-5-9-3-7(11(13)14)10(5)4-6(12)2-8/h3,6,12H,2,4H2,1H3",IPWKIXLWTCNBKN-UHFFFAOYSA-N
146,ronidazole,155000000,8.190331698,7681-76-7,CN1C(=CN=C1COC(=O)N)[N+](=O)[O-],7,,https://doi.org/10.1021/acs.est.9b02462,imidazole,Heterocycles,"InChI=1S/C6H8N4O4/c1-9-4(3-14-6(7)11)8-2-5(9)10(12)13/h2H,3H2,1H3,(H2,7,11)",PQFRTXSWDXZRRS-UHFFFAOYSA-N
147,sulfanilamide,432000000,8.635483747,130249-47-7,C1=CC(=CC=C1N)S(=O)(=O)N,7,,https://doi.org/10.1021/acs.est.9b02462,sulfoxide,Sulfur-containing organics,"InChI=1S/C6H8N2O2S/c7-5-1-3-6(4-2-5)11(8,9)10/h1-4H,7H2,(H2,8,9,10)",FDDDEECHVMSUSB-UHFFFAOYSA-N
148,sulfadimethoxine,446000000,8.649334859,345936-70-1,COC1=NC(=NC(=C1)NS(=O)(=O)C2=CC=C(C=C2)N)OC,7,,https://doi.org/10.1021/acs.est.9b02462,sulfoxide,Sulfur-containing organics,"InChI=1S/C12H14N4O4S/c1-19-11-7-10(14-12(15-11)20-2)16-21(17,18)9-5-3-8(13)4-6-9/h3-7H,13H2,1-2H3,(H,14,15,16)",ZZORFUFYDOWNEF-UHFFFAOYSA-N
149,sulfadiazine,427000000,8.630427875,1219149-66-2,C1=CN=C(N=C1)NS(=O)(=O)C2=CC=C(C=C2)N,7,,https://doi.org/10.1021/acs.est.9b02462,sulfoxide,Sulfur-containing organics,"InChI=1S/C10H10N4O2S/c11-8-2-4-9(5-3-8)17(15,16)14-10-12-6-1-7-13-10/h1-7H,11H2,(H,12,13,14)",SEEPANYCNGTZFQ-UHFFFAOYSA-N
150,sulfamethazine,485000000,8.685741739,53081-02-0,CC1=CC(=NC(=N1)NS(=O)(=O)C2=CC=C(C=C2)N)C,7,,https://doi.org/10.1021/acs.est.9b02462,sulfoxide,Sulfur-containing organics,"InChI=1S/C12H14N4O2S/c1-8-7-9(2)15-12(14-8)16-19(17,18)11-5-3-10(13)4-6-11/h3-7H,13H2,1-2H3,(H,14,15,16)",ASWVTGNCAZCNNR-UHFFFAOYSA-N
151,sulfamethoxazole,472000000,8.673941999,1346603-52-8,CC1=CC(=NO1)NS(=O)(=O)C2=CC=C(C=C2)N,7,,https://doi.org/10.1021/acs.est.9b02462,sulfoxide,Sulfur-containing organics,"InChI=1S/C10H11N3O3S/c1-7-6-10(12-16-7)13-17(14,15)9-4-2-8(11)3-5-9/h2-6H,11H2,1H3,(H,12,13)",JLKIGFTWXXRPMT-UHFFFAOYSA-N
152,sulfathiazole,508000000,8.705863712,1020719-89-4,C1=CC(=CC=C1N)S(=O)(=O)NC2=NC=CS2,7,,https://doi.org/10.1021/acs.est.9b02462,sulfoxide,Sulfur-containing organics,"InChI=1S/C9H9N3O2S2/c10-7-1-3-8(4-2-7)16(13,14)12-9-11-5-6-15-9/h1-6H,10H2,(H,11,12)",JNMRHUJNCSQMMB-UHFFFAOYSA-N
153,chlortetracycline,850000000,8.929418926,51209-76-8,C[C@@]1([C@H]2C[C@H]3[C@@H](C(=O)C(=C([C@]3(C(=O)C2=C(C4=C(C=CC(=C41)Cl)O)O)O)O)C(=O)N)N(C)C)O,7,,https://doi.org/10.1021/acs.est.9b02462,halogenated,Halogenated organics,"InChI=1S/C22H23ClN2O8/c1-21(32)7-6-8-15(25(2)3)17(28)13(20(24)31)19(30)22(8,33)18(29)11(7)16(27)12-10(26)5-4-9(23)14(12)21/h4-5,7-8,15,26-27,30,32-33H,6H2,1-3H3,(H2,24,31)/t7-,8-,15-,21-,22-/m0/s1",DHPRQBPJLMKORJ-XRNKAMNCSA-N
154,doxycycline,1135000000,9.054995862,1902958-13-7,C[C@@H]1[C@H]2[C@@H]([C@H]3[C@@H](C(=O)C(=C([C@]3(C(=O)C2=C(C4=C1C=CC=C4O)O)O)O)C(=O)N)N(C)C)O,7,,https://doi.org/10.1021/acs.est.9b02462,phenol,Oxygenated organics,"InChI=1S/C22H24N2O8/c1-7-8-5-4-6-9(25)11(8)16(26)12-10(7)17(27)14-15(24(2)3)18(28)13(21(23)31)20(30)22(14,32)19(12)29/h4-7,10,14-15,17,25-27,30,32H,1-3H3,(H2,23,31)/t7-,10+,14+,15-,17-,22-/m0/s1",SGKRLCUYIXIAHR-AKNGSSGZSA-N
155,oxytetracycline,936000000,8.971275849,8017-33-2,C[C@@]1([C@H]2[C@@H]([C@H]3[C@@H](C(=O)C(=C([C@]3(C(=O)C2=C(C4=C1C=CC=C4O)O)O)O)C(=O)N)N(C)C)O)O,7,,https://doi.org/10.1021/acs.est.9b02462,phenol,Oxygenated organics,"InChI=1S/C22H24N2O9/c1-21(32)7-5-4-6-8(25)9(7)15(26)10-12(21)17(28)13-14(24(2)3)16(27)11(20(23)31)19(30)22(13,33)18(10)29/h4-6,12-14,17,25-26,28,30,32-33H,1-3H3,(H2,23,31)/t12-,13-,14+,17+,21-,22+/m1/s1",OWFJMIVZYSDULZ-PXOLEDIWSA-N
156,tetracycline,1180000000,9.071882007,84187-37-1,C[C@@]1([C@H]2C[C@H]3[C@@H](C(=O)C(=C([C@]3(C(=O)C2=C(C4=C1C=CC=C4O)O)O)O)C(=O)N)N(C)C)O,7,,https://doi.org/10.1021/acs.est.9b02462,phenol,Oxygenated organics,"InChI=1S/C22H24N2O8/c1-21(31)8-5-4-6-11(25)12(8)16(26)13-9(21)7-10-15(24(2)3)17(27)14(20(23)30)19(29)22(10,32)18(13)28/h4-6,9-10,15,25-26,29,31-32H,7H2,1-3H3,(H2,23,30)/t9-,10-,15-,21+,22-/m0/s1",NWXMGUDVXFXRIG-WESIUVDSSA-N
157,bezafibrate,324000000,8.51054501,153758-85-1,CC(C)(C(=O)O)OC1=CC=C(C=C1)CCNC(=O)C2=CC=C(C=C2)Cl,7,,https://doi.org/10.1021/acs.est.9b02462,halogenated,Halogenated organics,"InChI=1S/C19H20ClNO4/c1-19(2,18(23)24)25-16-9-3-13(4-10-16)11-12-21-17(22)14-5-7-15(20)8-6-14/h3-10H,11-12H2,1-2H3,(H,21,22)(H,23,24)",IIBYAHWJQTYFKB-UHFFFAOYSA-N
158,clofibric acid,141000000,8.149219113,72072-47-0,CC(C)(C(=O)O)OC1=CC=C(C=C1)Cl,7,,https://doi.org/10.1021/acs.est.9b02462,halogenated,Halogenated organics,"InChI=1S/C10H11ClO3/c1-10(2,9(12)13)14-8-5-3-7(11)4-6-8/h3-6H,1-2H3,(H,12,13)",TXCGAZHTZHNUAI-UHFFFAOYSA-N
159,gemfibrozil,287000000,8.457881897,86837-66-3,CC1=CC(=C(C=C1)C)OCCCC(C)(C)C(=O)O,7,,https://doi.org/10.1021/acs.est.9b02462,carboxylic acid,Oxygenated organics,"InChI=1S/C15H22O3/c1-11-6-7-12(2)13(10-11)18-9-5-8-15(3,4)14(16)17/h6-7,10H,5,8-9H2,1-4H3,(H,16,17)",HEMJJKBWTPKOJG-UHFFFAOYSA-N
160,caffeine,928000000,8.967547976,78072-66-9,CN1C=NC2=C1C(=O)N(C(=O)N2C)C,7,,https://doi.org/10.1021/acs.est.9b02462,imidazole,Heterocycles,"InChI=1S/C8H10N4O2/c1-10-4-9-6-5(10)7(13)12(3)8(14)11(6)2/h4H,1-3H3",RYYVLZVUVIJVGH-UHFFFAOYSA-N
161,theophylline,878000000,8.943494516,28384-81-8,CN1C2=C(C(=O)N(C1=O)C)NC=N2,7,,https://doi.org/10.1021/acs.est.9b02462,imidazole,Heterocycles,"InChI=1S/C7H8N4O2/c1-10-5-4(8-3-9-5)6(12)11(2)7(10)13/h3H,1-2H3,(H,8,9)",ZFXYFBGIUFBOJW-UHFFFAOYSA-N
162,xanthine,185000000,8.267171728,69-89-6,C1=NC2=C(N1)C(=O)NC(=O)N2,7,,https://doi.org/10.1021/acs.est.9b02462,heterocycle,Heterocycles,"InChI=1S/C5H4N4O2/c10-4-2-3(7-1-6-2)8-5(11)9-4/h1H,(H3,6,7,8,9,10,11)",LRFVTYWOQMYALW-UHFFFAOYSA-N
163,cimetidine,2778000000,9.443732241,38603-74-6,CC1=C(N=CN1)CSCCNC(=NC)NC#N,7,,https://doi.org/10.1021/acs.est.9b02462,"sulfide, disulfide",Sulfur-containing organics,"InChI=1S/C10H16N6S/c1-8-9(16-7-15-8)5-17-4-3-13-10(12-2)14-6-11/h7H,3-5H2,1-2H3,(H,15,16)(H2,12,13,14)",AQIXAKUUQRKLND-UHFFFAOYSA-N
164,famotidine,1652000000,9.218010043,1798006-30-0,C1=C(N=C(S1)N=C(N)N)CSCC/C(=N/S(=O)(=O)N)/N,7,,https://doi.org/10.1021/acs.est.9b02462,sulfoxide,Sulfur-containing organics,"InChI=1S/C8H15N7O2S3/c9-6(15-20(12,16)17)1-2-18-3-5-4-19-8(13-5)14-7(10)11/h4H,1-3H2,(H2,9,15)(H2,12,16,17)(H4,10,11,13,14)",XUFQPHANEAPEMJ-UHFFFAOYSA-N
165,carbamazepine,43000000,7.633468456,1189902-21-3,C1=CC=C2C(=C1)C=CC3=CC=CC=C3N2C(=O)N,7,,https://doi.org/10.1021/acs.est.9b02462,urea,Nitrogen-containing organics,"InChI=1S/C15H12N2O/c16-15(18)17-13-7-3-1-5-11(13)9-10-12-6-2-4-8-14(12)17/h1-10H,(H2,16,18)",FFGPTBGBLSHEPO-UHFFFAOYSA-N
166,clenbuterol,554000000,8.743509765,37159-31-2,CC(C)(C)NCC(C1=CC(=C(C(=C1)Cl)N)Cl)O,7,,https://doi.org/10.1021/acs.est.9b02462,halogenated,Halogenated organics,"InChI=1S/C12H18Cl2N2O/c1-12(2,3)16-6-10(17)7-4-8(13)11(15)9(14)5-7/h4-5,10,16-17H,6,15H2,1-3H3",STJMRWALKKWQGH-UHFFFAOYSA-N
167,iopromide,2054000000,9.312600439,185459-57-8,CN(CC(CO)O)C(=O)C1=C(C(=C(C(=C1I)C(=O)NCC(CO)O)I)NC(=O)COC)I,7,,https://doi.org/10.1021/acs.est.9b02462,halogenated,Halogenated organics,"InChI=1S/C18H24I3N3O8/c1-24(4-9(28)6-26)18(31)12-13(19)11(17(30)22-3-8(27)5-25)14(20)16(15(12)21)23-10(29)7-32-2/h8-9,25-28H,3-7H2,1-2H3,(H,22,30)(H,23,29)",DGAIEPBNLOQYER-UHFFFAOYSA-N
168,mabuterol,348000000,8.541579244,56707-26-7,CC(C)(C)NCC(C1=CC(=C(C(=C1)Cl)N)C(F)(F)F)O,7,,https://doi.org/10.1021/acs.est.9b02462,halogenated,Halogenated organics,"InChI=1S/C13H18ClF3N2O/c1-12(2,3)19-6-10(20)7-4-8(13(15,16)17)11(18)9(14)5-7/h4-5,10,19-20H,6,18H2,1-3H3",JSJCTEKTBOKRST-UHFFFAOYSA-N
169,mesalazine,1424000000,9.153509989,121887-11-4,C1=CC(=C(C=C1N)C(=O)O)O,7,,https://doi.org/10.1021/acs.est.9b02462,phenol,Oxygenated organics,"InChI=1S/C7H7NO3/c8-4-1-2-6(9)5(3-4)7(10)11/h1-3,9H,8H2,(H,10,11)",KBOPZPXVLCULAV-UHFFFAOYSA-N
170,mesalazine,21000000,7.322219295,121887-11-4,C1=CC(=C(C=C1N)C(=O)O)O,7,,https://doi.org/10.1021/acs.est.9b02462,phenol,Oxygenated organics,"InChI=1S/C7H7NO3/c8-4-1-2-6(9)5(3-4)7(10)11/h1-3,9H,8H2,(H,10,11)",KBOPZPXVLCULAV-UHFFFAOYSA-N
171,primidone,158000000,8.198657087,125-33-7,CCC1(C(=O)NCNC1=O)C2=CC=CC=C2,7,,https://doi.org/10.1021/acs.est.9b02462,amide,Nitrogen-containing organics,"InChI=1S/C12H14N2O2/c1-2-12(9-6-4-3-5-7-9)10(15)13-8-14-11(12)16/h3-7H,2,8H2,1H3,(H,13,15)(H,14,16)",DQMZLTXERSFNPB-UHFFFAOYSA-N
172,salbutamol,302000000,8.480006943,238762-34-0,CC(C)(C)NCC(C1=CC(=C(C=C1)O)CO)O,7,,https://doi.org/10.1021/acs.est.9b02462,phenol,Oxygenated organics,"InChI=1S/C13H21NO3/c1-13(2,3)14-7-12(17)9-4-5-11(16)10(6-9)8-15/h4-6,12,14-17H,7-8H2,1-3H3",NDAUXUAQIAJITI-UHFFFAOYSA-N
173,salicylic acid,210000000,8.322219295,1189678-81-6,C1=CC=C(C(=C1)C(=O)O)O,7,,https://doi.org/10.1021/acs.est.9b02462,phenol,Oxygenated organics,"InChI=1S/C7H6O3/c8-6-4-2-1-3-5(6)7(9)10/h1-4,8H,(H,9,10)",YGSDEFSMJLZEOE-UHFFFAOYSA-N
174,sucralose,1000000,6,848642-13-7,C([C@@H]1[C@@H]([C@@H]([C@H]([C@H](O1)O[C@]2([C@H]([C@@H]([C@H](O2)CCl)O)O)CCl)O)O)Cl)O,7,,https://doi.org/10.1021/acs.est.9b02462,halogenated,Halogenated organics,"InChI=1S/C12H19Cl3O8/c13-1-4-7(17)10(20)12(3-14,22-4)23-11-9(19)8(18)6(15)5(2-16)21-11/h4-11,16-20H,1-3H2/t4-,5-,6+,7-,8+,9-,10+,11-,12+/m1/s1",BAQAVOSOZGMPRM-QBMZZYIRSA-N
175,terbutaline,1205000000,9.080987047,28924-20-1,CC(C)(C)NCC(C1=CC(=CC(=C1)O)O)O,7,,https://doi.org/10.1021/acs.est.9b02462,phenol,Oxygenated organics,"InChI=1S/C12H19NO3/c1-12(2,3)13-7-11(16)8-4-9(14)6-10(15)5-8/h4-6,11,13-16H,7H2,1-3H3",XWTYSIMOBUGWOL-UHFFFAOYSA-N
176,triclosan,248000000,8.394451681,1020720-00-6,C1=CC(=C(C=C1Cl)O)OC2=C(C=C(C=C2)Cl)Cl,7,,https://doi.org/10.1021/acs.est.9b02462,halogenated,Halogenated organics,"InChI=1S/C12H7Cl3O2/c13-7-1-3-11(9(15)5-7)17-12-4-2-8(14)6-10(12)16/h1-6,16H",XEFQLINVKFYRCS-UHFFFAOYSA-N
177,trimethoprim,1878000000,9.273695588,304671-81-6,COC1=CC(=CC(=C1OC)OC)CC2=CN=C(N=C2N)N,7,,https://doi.org/10.1021/acs.est.9b02462,amine,Nitrogen-containing organics,"InChI=1S/C14H18N4O3/c1-19-10-5-8(6-11(20-2)12(10)21-3)4-9-7-17-14(16)18-13(9)15/h5-7H,4H2,1-3H3,(H4,15,16,17,18)",IEDVJHCEMCRBQM-UHFFFAOYSA-N
178,venlafaxine,358000000,8.553883027,940297-06-3,CN(C)CC(C1=CC=C(C=C1)OC)C2(CCCCC2)O,7,,https://doi.org/10.1021/acs.est.9b02462,amine,Nitrogen-containing organics,"InChI=1S/C17H27NO2/c1-18(2)13-16(17(19)11-5-4-6-12-17)14-7-9-15(20-3)10-8-14/h7-10,16,19H,4-6,11-13H2,1-3H3",PNVNVHUZROJLTJ-UHFFFAOYSA-N
179,dimethyl phthalate,14000000,7.146128036,198283-80-6,COC(=O)C1=CC=CC=C1C(=O)OC,7,,https://doi.org/10.1021/acs.est.9b02462,ester,Oxygenated organics,"InChI=1S/C10H10O4/c1-13-9(11)7-5-3-4-6-8(7)10(12)14-2/h3-6H,1-2H3",NIQCNGHVCWTJSM-UHFFFAOYSA-N
180,diethyl phthalate,11000000,7.041392685,1817006-92-0,CCOC(=O)C1=CC=CC=C1C(=O)OCC,7,,https://doi.org/10.1021/acs.est.9b02462,ester,Oxygenated organics,"InChI=1S/C12H14O4/c1-3-15-11(13)9-7-5-6-8-10(9)12(14)16-4-2/h5-8H,3-4H2,1-2H3",FLKPEMZONWLCSK-UHFFFAOYSA-N
181,dibutyl phthalate,11000000,7.041392685,93952-11-5,CCCCOC(=O)C1=CC=CC=C1C(=O)OCCCC,7,,https://doi.org/10.1021/acs.est.9b02462,ester,Oxygenated organics,"InChI=1S/C16H22O4/c1-3-5-11-19-15(17)13-9-7-8-10-14(13)16(18)20-12-6-4-2/h7-10H,3-6,11-12H2,1-2H3",DOIRQSBPFJWKBE-UHFFFAOYSA-N
182,estrone (E1),366000000,8.563481085,15426-98-9,C[C@]12CC[C@H]3[C@H]([C@@H]1CCC2=O)CCC4=C3C=CC(=C4)O,7,,https://doi.org/10.1021/acs.est.9b02462,phenol,Oxygenated organics,"InChI=1S/C18H22O2/c1-18-9-8-14-13-5-3-12(19)10-11(13)2-4-15(14)16(18)6-7-17(18)20/h3,5,10,14-16,19H,2,4,6-9H2,1H3/t14-,15-,16+,18+/m1/s1",DNXHEGUUPJUMQT-CBZIJGRNSA-N
183,estradiol (E2),396000000,8.597695186,50-28-2,OC1=CC2=C(C=C1)[C@]3([H])[C@@]([C@@](CC[C@@H]4O)([H])[C@]4(C)CC3)([H])CC2,7,,https://doi.org/10.1021/acs.est.9b02462,phenol,Oxygenated organics,"InChI=1S/C18H24O2/c1-18-9-8-14-13-5-3-12(19)10-11(13)2-4-15(14)16(18)6-7-17(18)20/h3,5,10,14-17,19-20H,2,4,6-9H2,1H3/t14-,15-,16+,17+,18+/m1/s1",VOXZDWNPVJITMN-ZBRFXRBCSA-N
184,ethinyl estradiol (EE2),396000000,8.597695186,57-63-6,C#CC1(O)CCC2C3CCc4cc(O)ccc4C3CCC21C,7,,https://doi.org/10.1021/acs.est.9b02462,phenol,Oxygenated organics,"InChI=1S/C20H24O2/c1-3-20(22)11-9-18-17-6-4-13-12-14(21)5-7-15(13)16(17)8-10-19(18,20)2/h1,5,7,12,16-18,21-22H,4,6,8-11H2,2H3",BFPYWIDHMRZLRN-UHFFFAOYSA-N
185,bisphenol A,582000000,8.764922985,68440-77-7,CC(C)(C1=CC=C(C=C1)O)C2=CC=C(C=C2)O,7,,https://doi.org/10.1021/acs.est.9b02462,phenol,Oxygenated organics,"InChI=1S/C15H16O2/c1-15(2,11-3-7-13(16)8-4-11)12-5-9-14(17)10-6-12/h3-10,16-17H,1-2H3",IISBACLAFKSPIT-UHFFFAOYSA-N
186,methylparaben,161000000,8.206825876,222545-59-7,COC(=O)C1=CC=C(C=C1)O,7,,https://doi.org/10.1021/acs.est.9b02462,phenol,Oxygenated organics,"InChI=1S/C8H8O3/c1-11-8(10)6-2-4-7(9)5-3-6/h2-5,9H,1H3",LXCFILQKKLGQFO-UHFFFAOYSA-N
187,nonylphenol,365000000,8.562292864,84852-15-3,CCCCCCCCCC1=CC=CC=C1O,7,,https://doi.org/10.1021/acs.est.9b02462,phenol,Oxygenated organics,"InChI=1S/C15H24O/c1-2-3-4-5-6-7-8-11-14-12-9-10-13-15(14)16/h9-10,12-13,16H,2-8,11H2,1H3",SNQQPOLDUKLAAF-UHFFFAOYSA-N
188,4-chloroaniline,523000000,8.718501689,108321-68-2,C1=CC(=CC=C1N)Cl,7,,https://doi.org/10.1021/acs.est.9b02462,halogenated,Halogenated organics,"InChI=1S/C6H6ClN/c7-5-1-3-6(8)4-2-5/h1-4H,8H2",QSNSCYSYFYORTR-UHFFFAOYSA-N
189,4-methylcatechol,1184000000,9.073351702,1219803-18-5,CC1=CC(=C(C=C1)O)O,7,,https://doi.org/10.1021/acs.est.9b02462,phenol,Oxygenated organics,"InChI=1S/C7H8O2/c1-5-2-3-6(8)7(9)4-5/h2-4,8-9H,1H3",ZBCATMYQYDCTIZ-UHFFFAOYSA-N
190,4-nitroanisole,25000000,7.397940009,1805556-65-3,COC1=CC=C(C=C1)[N+](=O)[O-],7,,https://doi.org/10.1021/acs.est.9b02462,nitro,Nitrogen-containing organics,"InChI=1S/C7H7NO3/c1-11-7-4-2-6(3-5-7)8(9)10/h2-5H,1H3",BNUHAJGCKIQFGE-UHFFFAOYSA-N
191,6-aminopenicillanic,327000000,8.514547753,551-16-6,CC1(C)SC2C(N)C(=O)N2C1C(=O)O,7,,https://doi.org/10.1021/acs.est.9b02462,"sulfide, disulfide",Sulfur-containing organics,"InChI=1S/C8H12N2O3S/c1-8(2)4(7(12)13)10-5(11)3(9)6(10)14-8/h3-4,6H,9H2,1-2H3,(H,12,13)",NGHVIOIJCVXTGV-UHFFFAOYSA-N
192,7-aminocephalosporanic,229000000,8.359835482,957-68-6,CC(=O)OCC1=C(C(=O)O)N2C(=O)C(N)C2SC1,7,,https://doi.org/10.1021/acs.est.9b02462,"sulfide, disulfide",Sulfur-containing organics,"InChI=1S/C10H12N2O5S/c1-4(13)17-2-5-3-18-9-6(11)8(14)12(9)7(5)10(15)16/h6,9H,2-3,11H2,1H3,(H,15,16)",HSHGZXNAXBPPDL-UHFFFAOYSA-N
193,acetylacetone,142000000,8.152288344,90170-79-9,CC(=O)CC(=O)C,7,,https://doi.org/10.1021/acs.est.9b02462,ketone,Oxygenated organics,"InChI=1S/C5H8O2/c1-4(6)3-5(2)7/h3H2,1-2H3",YRKCREAYFQTBPV-UHFFFAOYSA-N
194,aniline,679000000,8.831869774,179938-55-7,C1=CC=C(C=C1)N,7,,https://doi.org/10.1021/acs.est.9b02462,amine,Nitrogen-containing organics,"InChI=1S/C6H7N/c7-6-4-2-1-3-5-6/h1-5H,7H2",PAYRUJLWNCNPSJ-UHFFFAOYSA-N
195,anisole,162000000,8.209515015,342-33-6,COC1=CC=CC=C1,7,,https://doi.org/10.1021/acs.est.9b02462,ether,Oxygenated organics,"InChI=1S/C7H8O/c1-8-7-5-3-2-4-6-7/h2-6H,1H3",RDOXTESZEPMUJZ-UHFFFAOYSA-N
196,benzoic acid,2000000,6.301029996,183430-27-5,C1=CC=C(C=C1)C(=O)O,7,,https://doi.org/10.1021/acs.est.9b02462,carboxylic acid,Oxygenated organics,"InChI=1S/C7H6O2/c8-7(9)6-4-2-1-3-5-6/h1-5H,(H,8,9)",WPYMKLBDIGXBTP-UHFFFAOYSA-N
197,gallic acid,753000000,8.876794976,149-91-7,C1=C(C=C(C(=C1O)O)O)C(=O)O,7,,https://doi.org/10.1021/acs.est.9b02462,phenol,Oxygenated organics,"InChI=1S/C7H6O5/c8-4-1-3(7(11)12)2-5(9)6(4)10/h1-2,8-10H,(H,11,12)",LNTHITQWFMADLM-UHFFFAOYSA-N
198,imidazole,182000000,8.260071388,717908-74-2,C1=CN=CN1,7,,https://doi.org/10.1021/acs.est.9b02462,imidazole,Heterocycles,"InChI=1S/C3H4N2/c1-2-5-3-4-1/h1-3H,(H,4,5)",RAXXELZNTBOGNW-UHFFFAOYSA-N
199,phenol,220000000,8.342422681,53379-77-4,C1=CC=C(C=C1)O,7,,https://doi.org/10.1021/acs.est.9b02462,phenol,Oxygenated organics,"InChI=1S/C6H6O/c7-6-4-2-1-3-5-6/h1-5,7H",ISWSIDIOOBJBQZ-UHFFFAOYSA-N
200,protocatechuic acid,590000000,8.770852012,868827-97-8,C1=CC(=C(C=C1C(=O)O)O)O,7,,https://doi.org/10.1021/acs.est.9b02462,carboxylic acid,Oxygenated organics,"InChI=1S/C7H6O4/c8-5-2-1-4(7(10)11)3-6(5)9/h1-3,8-9H,(H,10,11)",YQUVCSBJEUQKSH-UHFFFAOYSA-N
201,p-toluidine,947000000,8.976349979,40825-60-3,CC1=CC=C(C=C1)N,7,,https://doi.org/10.1021/acs.est.9b02462,amine,Nitrogen-containing organics,"InChI=1S/C7H9N/c1-6-2-4-7(8)5-3-6/h2-5H,8H2,1H3",RZXMPPFPUUCRFN-UHFFFAOYSA-N
202,pyrimidine,1000000,6,767-79-3,C1=CN=CN=C1,7,,https://doi.org/10.1021/acs.est.9b02462,heterocycle,Heterocycles,InChI=1S/C4H4N2/c1-2-5-4-6-3-1/h1-4H,CZPWVGJYEJSRLH-UHFFFAOYSA-N
203,pyrocatechol,566000000,8.752816431,3117-41-7,C1=CC=C(C(=C1)O)O,7,,https://doi.org/10.1021/acs.est.9b02462,phenol,Oxygenated organics,"InChI=1S/C6H6O2/c7-5-3-1-2-4-6(5)8/h1-4,7-8H",YCIMNLLNPGFGHC-UHFFFAOYSA-N
204,"TMBd (1,3,5-trimethoxybenzene)",2606000000,9.415974411,621-23-8,COc1cc(OC)cc(OC)c1,7,,https://doi.org/10.1021/acs.est.9b02462,ether,Oxygenated organics,"InChI=1S/C9H12O3/c1-10-7-4-8(11-2)6-9(5-7)12-3/h4-6H,1-3H3",LKUDPHPHKOZXCD-UHFFFAOYSA-N
205,"2,4-dimethoxypyrimidine",30000000,7.477121255,339275-88-6,COC1=NC(=NC=C1)OC,7,,https://doi.org/10.1021/acs.est.9b02462,ether,Oxygenated organics,"InChI=1S/C6H8N2O2/c1-9-5-3-4-7-6(8-5)10-2/h3-4H,1-2H3",KEVRHVMWBKFGLO-UHFFFAOYSA-N
206,"4,6-dimethyl pyrimidine",5000000,6.698970004,14164-34-2,Cc1cc(C)nc(-c2ccccc2)n1,7,,https://doi.org/10.1021/acs.est.9b02462,heterocycle,Heterocycles,"InChI=1S/C12H12N2/c1-9-8-10(2)14-12(13-9)11-6-4-3-5-7-11/h3-8H,1-2H3",TVNUWBFICZWTRU-UHFFFAOYSA-N
207,thiazole,39000000,7.591064607,1343085-95-9,C1=CSC=N1,7,,https://doi.org/10.1021/acs.est.9b02462,heterocycle,Heterocycles,InChI=1S/C3H3NS/c1-2-5-3-4-1/h1-3H,FZWLAAWBMGSTSO-UHFFFAOYSA-N
208,benzoic acid,2000000,6.301029996,183430-27-5,C1=CC=C(C=C1)C(=O)O,,,https://doi.org/10.1021/es4036094,carboxylic acid,Oxygenated organics,"InChI=1S/C7H6O2/c8-7(9)6-4-2-1-3-5-6/h1-5H,(H,8,9)",WPYMKLBDIGXBTP-UHFFFAOYSA-N
